window_left,window_right,window_mid,density_error,gap_drift,instability,gap_multiplier,density_multiplier,w_density,w_gap,w_neighbor,scenario,kind
2,10002,5002.0,0.008136696501220505,0.5382461333738056,0.2996968867811423,1.524469551866999,0.6559658727032707,0.2798031730112059,0.5780130210650083,0.1421838059237858,mixed_keep_75_noise_25,mixed
5002,15002,10002.0,0.011981566820276499,0.5621527112873734,0.3145756962771798,1.5505074684850646,0.6449501342789776,0.27368841931449406,0.5848596012905077,0.14145197939499832,mixed_keep_75_noise_25,mixed
10002,20002,15002.0,0.01452081316553727,0.5761485039196936,0.3234160430803233,1.5659780753905657,0.6385785444349807,0.27013858471108637,0.5888510482973809,0.14101036699153274,mixed_keep_75_noise_25,mixed
15002,25002,20002.0,0.007936507936507936,0.5660681862323516,0.31490893099922196,1.5510906292486384,0.6447076535330554,0.27355349539417284,0.5850110835044566,0.1414354211013707,mixed_keep_75_noise_25,mixed
20002,30002,25002.0,0.0,0.5630978747852762,0.3097038311319019,1.5419817044808284,0.648516125122698,0.27567105761712524,0.582635699949379,0.1416932424334958,mixed_keep_75_noise_25,mixed
25002,35002,30002.0,0.009278350515463918,0.5803504961800664,0.3233680306309953,1.5658940536042416,0.6386128088923291,0.27015769922629823,0.5888295225224139,0.14101277825128788,mixed_keep_75_noise_25,mixed
30002,40002,35002.0,0.014613778705636743,0.5736493656275116,0.3220833515126679,1.5636458651471687,0.6395309975803767,0.27066981526558187,0.5882529389143599,0.14107724582005837,mixed_keep_75_noise_25,mixed
35002,45002,40002.0,0.010604453870625663,0.562326281536122,0.31405145908664867,1.5495900534016351,0.6453319688035013,0.27390085631550376,0.5846211294962647,0.1414780141882317,mixed_keep_75_noise_25,mixed
40002,50002,45002.0,0.005376344086021506,0.5773105728747776,0.3199401699198374,1.5598952973597155,0.6410686676808396,0.27152701961117953,0.5872884067229612,0.1411845736658594,mixed_keep_75_noise_25,mixed
45002,55002,50002.0,0.002183406113537118,0.5782642853205133,0.31902788967737405,1.5582988069354045,0.6417254480009703,0.27189299137535944,0.5868768339332003,0.14123017469144028,mixed_keep_75_noise_25,mixed
50002,60002,55002.0,0.006493506493506494,0.5701541401039415,0.3165068549792458,1.55388699621368,0.6435474409893875,0.2729077278791632,0.5857363489482859,0.14135592317255108,mixed_keep_75_noise_25,mixed
55002,65002,60002.0,0.009977827050997782,0.5848124079405544,0.326136846540254,1.5707394814454445,0.636642811753715,0.2690583072822031,0.590068190698118,0.14087350201967894,mixed_keep_75_noise_25,mixed
60002,70002,65002.0,0.009101251422070534,0.5872617181917309,0.3270895081453838,1.5724066392544216,0.6359678056779027,0.26868141079697383,0.5904931111425573,0.14082547806046877,mixed_keep_75_noise_25,mixed
65002,75002,70002.0,0.006666666666666667,0.565716076690503,0.31414384217977664,1.5497517238146092,0.6452646476421188,0.27386340406187076,0.5846631684265889,0.14147342751154035,mixed_keep_75_noise_25,mixed
70002,80002,75002.0,0.00776914539400666,0.5773552348571228,0.32104149459872056,1.561822615547761,0.640277577008501,0.27108607731265044,0.5877844672516742,0.14112945543567545,mixed_keep_75_noise_25,mixed
75002,85002,80002.0,0.010180995475113122,0.5884313388706809,0.3282186843426754,1.574382697599682,0.6351695820365716,0.2682355855812259,0.590995926145574,0.14076848827320024,mixed_keep_75_noise_25,mixed
80002,90002,85002.0,0.011402508551881414,0.5937501691572118,0.33169372188481316,1.580464013298423,0.6327255739996278,0.2668696930752593,0.5925376582095931,0.14059264871514754,mixed_keep_75_noise_25,mixed
85002,95002,90002.0,0.015909090909090907,0.6042354029826333,0.33948856254953924,1.5941049844616937,0.627311256000925,0.26383924365084294,0.5959649385490197,0.14019581780013732,mixed_keep_75_noise_25,mixed
90002,100002,95002.0,0.014806378132118452,0.6039203334145475,0.3388190535374545,1.5929333436905453,0.6277726585113578,0.26409773416493115,0.5956722369202554,0.1402300289148135,mixed_keep_75_noise_25,mixed
95002,105002,100002.0,0.00461361014994233,0.5848155658097783,0.3237246857628521,1.566518200084991,0.6383583669476328,0.27001575188325155,0.5889893849051662,0.14099486321158222,mixed_keep_75_noise_25,mixed
100002,110002,105002.0,0.0011614401858304297,0.5854576997979147,0.3225243829724768,1.5644176702018344,0.6392154851274368,0.2704938607772648,0.5884510140623794,0.14105512516035598,mixed_keep_75_noise_25,mixed
105002,115002,110002.0,0.003537735849056604,0.6070595736430373,0.335474746635746,1.5870808066125555,0.6300876400454914,0.2653939840602425,0.5942054498422745,0.1404005660974831,mixed_keep_75_noise_25,mixed
110002,120002,115002.0,0.01179245283018868,0.6050236800292844,0.33806962778969135,1.5916218486319598,0.6282899426515952,0.2643874788151722,0.5953442252558453,0.14026829592898252,mixed_keep_75_noise_25,mixed
115002,125002,120002.0,0.013921113689095127,0.5899545616071339,0.33073951004401647,1.5787941425770289,0.6333947998867815,0.2672438342856022,0.5921151656444195,0.14064100006997832,mixed_keep_75_noise_25,mixed
120002,130002,125002.0,0.004662004662004662,0.5800452928274507,0.321122813153,1.56196492301775,0.6402192426114016,0.2710535569731899,0.5878210602763716,0.1411253827504386,mixed_keep_75_noise_25,mixed
125002,135002,130002.0,0.009501187648456057,0.5925597580610575,0.3301834013753869,1.577820952406927,0.6337854738679471,0.26746220211931376,0.591868642387103,0.14066915549358322,mixed_keep_75_noise_25,mixed
130002,140002,135002.0,0.01880141010575793,0.5865612193383026,0.3310693051836575,1.5793712840714007,0.6331633416951449,0.26711444485027036,0.5922612605639994,0.14062429458573028,mixed_keep_75_noise_25,mixed
135002,145002,140002.0,0.013002364066193853,0.5827985135251963,0.3263902462686452,1.571182930970129,0.6364631261507842,0.26895798779323343,0.5901812790171664,0.1408607331896002,mixed_keep_75_noise_25,mixed
140002,150002,145002.0,0.003575685339690107,0.5752931929640949,0.3180203145331128,1.5565355504329474,0.6424523999608309,0.272297949549322,0.5864215708561723,0.14128047959450563,mixed_keep_75_noise_25,mixed
145002,155002,150002.0,0.007058823529411765,0.5827631747826242,0.3236962167186786,1.5664683792576874,0.6383786696504378,0.2700270788272737,0.5889766276639772,0.1409962935087491,mixed_keep_75_noise_25,mixed
150002,160002,155002.0,0.010778443113772455,0.6041122950085452,0.33711206165589747,1.5899461078978205,0.6289521355677711,0.2647583097011609,0.5949245422845171,0.14031714801432216,mixed_keep_75_noise_25,mixed
155002,165002,160002.0,0.0036496350364963502,0.5885207513087339,0.32532874898622705,1.5693253107258973,0.6372165115577255,0.26937855945492417,0.5897072433719114,0.1409141971731645,mixed_keep_75_noise_25,mixed
160002,170002,165002.0,0.0036900369003690036,0.596897428609639,0.3299541023404675,1.5774196790958182,0.6339466999506455,0.2675523100846618,0.5917669302103077,0.14068075970503063,mixed_keep_75_noise_25,mixed
165002,175002,170002.0,0.009732360097323601,0.5852033243743874,0.32624139044970873,1.5709224332869902,0.6365686674342061,0.26901691295089686,0.5901148525530441,0.14086823449605912,mixed_keep_75_noise_25,mixed
170002,180002,175002.0,0.009456264775413711,0.5790496837419726,0.32273264520702116,1.564782129112287,0.6390666032000939,0.2704108247819073,0.5885444998390119,0.14104467537908083,mixed_keep_75_noise_25,mixed
175002,185002,180002.0,0.016887816646562123,0.6060531093950546,0.340928727658233,1.5966252734019077,0.6263210389181136,0.26328434875046314,0.596593502814153,0.14012214843538381,mixed_keep_75_noise_25,mixed
180002,190002,185002.0,0.02539298669891173,0.5936724954722727,0.3379467165242603,1.5914067539174555,0.6283748623903785,0.2644350393287955,0.5952903914844468,0.14027456918675765,mixed_keep_75_noise_25,mixed
185002,195002,190002.0,0.012077294685990338,0.5949198690976646,0.33264071061241124,1.5821212435717196,0.6320628106493589,0.2664990702133755,0.5929563163277269,0.14054461345889752,mixed_keep_75_noise_25,mixed
190002,200000,195001.0,0.0012285012285012285,0.6060319445479476,0.33387039505419674,1.5842731913448445,0.6312042679653806,0.26601882662358795,0.5934990082388246,0.14048216513758752,mixed_keep_75_noise_25,mixed
195002,200000,197501.0,0.0024330900243309003,0.5893861186311037,0.325257255758056,1.569200197576598,0.6372673171621791,0.26940691678330037,0.5896752875350806,0.14091779568161902,mixed_keep_75_noise_25,mixed
2,10002,5002.0,0.006509357200976403,0.5411306384075747,0.3005510618646055,1.5259643582630598,0.6553233006950814,0.27944729548442726,0.5784105002081589,0.14214220430741387,mixed_keep_50_noise_50,mixed
5002,15002,10002.0,0.009216589861751152,0.561807220838466,0.31314143689894436,1.5479975145731526,0.6459958692348041,0.2742701421384211,0.5842066917442785,0.14152316611730037,mixed_keep_50_noise_50,mixed
10002,20002,15002.0,0.01452081316553727,0.5690123430878128,0.3194911546227888,1.5591095205898804,0.6413917603566782,0.2717070658891603,0.5870859096977291,0.1412070244131106,mixed_keep_50_noise_50,mixed
15002,25002,20002.0,0.00992063492063492,0.5596196905936393,0.31225511554078733,1.5464464521963779,0.6466437933106095,0.2746304417766192,0.5838024674398552,0.14156709078352558,mixed_keep_50_noise_50,mixed
20002,30002,25002.0,0.004069175991861648,0.5617143745736114,0.31077403521182406,1.5438545616206922,0.6477294071989721,0.2752339118306055,0.5831257114052651,0.14164037676412924,mixed_keep_50_noise_50,mixed
25002,35002,30002.0,0.01134020618556701,0.5820456052374496,0.3252281756641025,1.5691493074121794,0.6372879848184664,0.2694184523455053,0.5896622883538245,0.1409192593006703,mixed_keep_50_noise_50,mixed
30002,40002,35002.0,0.011482254697286013,0.5751829180372443,0.3215176195342631,1.5626558341849606,0.639936176683187,0.27089574208815603,0.5879986539685368,0.14110560394330715,mixed_keep_50_noise_50,mixed
35002,45002,40002.0,0.006362672322375398,0.5640484172636662,0.31308983204008534,1.5479072060701493,0.6460335581348028,0.2742911029968818,0.5841831720398506,0.14152572496326762,mixed_keep_50_noise_50,mixed
40002,50002,45002.0,0.0064516129032258064,0.5795586534558346,0.3216604852071607,1.5629058491125312,0.6398338073709511,0.27083866471272283,0.5880628908721631,0.14109844441511407,mixed_keep_50_noise_50,mixed
45002,55002,50002.0,0.004366812227074236,0.578555854681941,0.320170785577251,1.5602988747601891,0.6409028527651124,0.2714346085628855,0.5873923533332337,0.14117303810388085,mixed_keep_50_noise_50,mixed
50002,60002,55002.0,0.00974025974025974,0.5729342740999933,0.31949696763811325,1.5591196933666982,0.6413875754725679,0.2717047339768477,0.5870885321817315,0.141206733841421,mixed_keep_50_noise_50,mixed
55002,65002,60002.0,0.009977827050997782,0.5852278948219357,0.3263653643250137,1.571139387568774,0.6364807654319128,0.26896783621846293,0.5901701766242125,0.1408619871573247,mixed_keep_50_noise_50,mixed
60002,70002,65002.0,0.006825938566552901,0.5838418775437115,0.32418470500399016,1.5673232337569827,0.6380304830950094,0.26983281169349177,0.5891954433074474,0.14097174499906082,mixed_keep_50_noise_50,mixed
65002,75002,70002.0,0.006666666666666667,0.5641143427661282,0.3132628885213705,1.5482100549123983,0.6459071860611205,0.27422081926304215,0.5842620375205054,0.14151714321645242,mixed_keep_50_noise_50,mixed
70002,80002,75002.0,0.006659267480577136,0.5753471405539408,0.31943759767092716,1.5590157959241226,0.6414303194453779,0.2717285517001448,0.5870617468651518,0.14120970143470343,mixed_keep_50_noise_50,mixed
75002,85002,80002.0,0.010180995475113122,0.5859494953713258,0.3268536704180301,1.5719939232315525,0.6361347745825232,0.26877464890015357,0.5903879795032679,0.1408373715965785,mixed_keep_50_noise_50,mixed
80002,90002,85002.0,0.010262257696693273,0.5931143758080473,0.330830922657938,1.5789541146513915,0.6333306273569479,0.2672079618030316,0.5921556679447989,0.1406363702521695,mixed_keep_50_noise_50,mixed
85002,95002,90002.0,0.01818181818181818,0.6070893538910548,0.3420809628218983,1.598641684938322,0.6255310426479849,0.26284150926576877,0.5970953596527779,0.14006313108145338,mixed_keep_50_noise_50,mixed
90002,100002,95002.0,0.015945330296127564,0.6105288360865757,0.34296625848087403,1.6001909523415296,0.6249254181425776,0.26250193518538567,0.597480324262682,0.14001774055193228,mixed_keep_50_noise_50,mixed
95002,105002,100002.0,0.002306805074971165,0.5872862152599932,0.32404548067673333,1.5670795911842834,0.638129681239913,0.2698881610362854,0.5891330959429747,0.14097874302074004,mixed_keep_50_noise_50,mixed
100002,110002,105002.0,0.0011614401858304297,0.5858599868110325,0.32274564082969154,1.5648048714519602,0.6390573152243029,0.27040564442966913,0.5885503323464467,0.14104402322388426,mixed_keep_50_noise_50,mixed
105002,115002,110002.0,0.0047169811320754715,0.6074111648194384,0.3361987821601251,1.588347868780219,0.6295850044285045,0.26511263355987447,0.5945236709396129,0.14036369550051261,mixed_keep_50_noise_50,mixed
110002,120002,115002.0,0.012971698113207548,0.6121390062637625,0.3425137175960128,1.5993990057930225,0.625234851577374,0.26267544400823406,0.5972836079940959,0.14004094799767008,mixed_keep_50_noise_50,mixed
115002,125002,120002.0,0.012761020881670533,0.5935911515176077,0.332217592731436,1.581380787280013,0.6323587639634902,0.2666645814139013,0.5927693366874286,0.1405660818986701,mixed_keep_50_noise_50,mixed
120002,130002,125002.0,0.004662004662004662,0.5769538569778395,0.31942252343571387,1.5589894160124993,0.6414411731913787,0.2717345995397047,0.5870549455780306,0.14121045488226483,mixed_keep_50_noise_50,mixed
125002,135002,130002.0,0.013064133016627079,0.5963654354463208,0.33387984935295867,1.5842897363676776,0.6311976761856158,0.26601513876954597,0.5935031765401158,0.14048168469033837,mixed_keep_50_noise_50,mixed
130002,140002,135002.0,0.01762632197414806,0.5865919513756307,0.33055741814496353,1.5784754817536861,0.6335226689039225,0.267315310497222,0.5920344683303651,0.14065022117241288,mixed_keep_50_noise_50,mixed
135002,145002,140002.0,0.0070921985815602835,0.5780294246785436,0.3211076729349011,1.5619384276360768,0.6402301027406405,0.27105961135110107,0.587814247599104,0.14112614104979496,mixed_keep_50_noise_50,mixed
140002,150002,145002.0,0.003575685339690107,0.5733170032572934,0.316933410194372,1.554633467840151,0.6432384357383595,0.272735684902851,0.5859296405557232,0.14133467454142598,mixed_keep_50_noise_50,mixed
145002,155002,150002.0,0.004705882352941176,0.5833549048069463,0.32296284470264397,1.565184978229627,0.6389021194996997,0.27031908142723615,0.5886477967131835,0.14103312185958047,mixed_keep_50_noise_50,mixed
150002,160002,155002.0,0.010778443113772455,0.6133937569778428,0.3422168657390112,1.5988795150432695,0.625437996166295,0.26278934287131755,0.5971544914324719,0.14005616569621054,mixed_keep_50_noise_50,mixed
155002,165002,160002.0,0.00851581508515815,0.5967463852610903,0.33204262868192086,1.5810746001933615,0.6324812250337223,0.26673306200593644,0.5926919815376013,0.14057495645646237,mixed_keep_50_noise_50,mixed
160002,170002,165002.0,0.007380073800738007,0.5999245727575273,0.33327954822697214,1.5832392093972012,0.6316164948824996,0.2662494338325953,0.5932383851262145,0.1405121810411902,mixed_keep_50_noise_50,mixed
165002,175002,170002.0,0.009732360097323601,0.5868530704615388,0.327148750797642,1.5725103138958736,0.6359258767101585,0.26865799603066215,0.5905195140797337,0.14082248988960427,mixed_keep_50_noise_50,mixed
170002,180002,175002.0,0.004728132387706856,0.5798835834050501,0.3210636304472457,1.56186135328268,0.6402616966597104,0.2710772243902188,0.5877944287663746,0.14112834684340658,mixed_keep_50_noise_50,mixed
175002,185002,180002.0,0.015681544028950542,0.6069481058122985,0.34087815300979196,1.596536767767136,0.6263557596600592,0.26330380885423343,0.5965714538361288,0.14012473730963787,mixed_keep_50_noise_50,mixed
180002,190002,185002.0,0.026602176541717048,0.5972915818248795,0.34048134944745645,1.5958423615330488,0.6266283087255237,0.26345655719787114,0.5963983980021231,0.1401450448000058,mixed_keep_50_noise_50,mixed
185002,195002,190002.0,0.013285024154589372,0.5997004674944822,0.3358135179915305,1.5876736564851783,0.6298523603482965,0.26526229275095925,0.5943543891625217,0.14038331808651908,mixed_keep_50_noise_50,mixed
190002,200000,195001.0,0.0012285012285012285,0.6060319445501586,0.3338703950554128,1.5842731913469725,0.6312042679645328,0.26601882662311355,0.5934990082393607,0.1404821651375257,mixed_keep_50_noise_50,mixed
195002,200000,197501.0,0.0024330900243309003,0.5893861186354933,0.32525725576047027,1.569200197580823,0.6372673171604634,0.2694069167823427,0.5896752875361598,0.14091779568149748,mixed_keep_50_noise_50,mixed
2,10002,5002.0,0.007323026851098454,0.5445873727794328,0.3028184171116824,1.529932229945444,0.653623722951218,0.27850552202780554,0.5794629531828209,0.1420315247893735,mixed_keep_25_noise_100,mixed
5002,15002,10002.0,0.011059907834101382,0.5686787259162074,0.3177502577792597,1.5560629511137045,0.6426475222511278,0.27240662440879676,0.586299423631045,0.14129395196015826,mixed_keep_25_noise_100,mixed
10002,20002,15002.0,0.015488867376573089,0.5822038500433201,0.32718210784328394,1.5725686887257468,0.6359022707048176,0.26864481334953366,0.5905343793631166,0.14082080728734975,mixed_keep_25_noise_100,mixed
15002,25002,20002.0,0.006944444444444444,0.5665295054287504,0.3147162279858127,1.5507533989751723,0.644847853089252,0.27363150850822515,0.584923494196497,0.14144499729527796,mixed_keep_25_noise_100,mixed
20002,30002,25002.0,0.001017293997965412,0.5626525075672248,0.3099166614610581,1.5423541575568516,0.6483595191807558,0.2755840500504859,0.5827332148322734,0.1416827351172408,mixed_keep_25_noise_100,mixed
25002,35002,30002.0,0.009278350515463918,0.5824375296453547,0.32451589903690387,1.5679028233145818,0.6377946293163613,0.2697012041570009,0.5893437026932978,0.14095509314970137,mixed_keep_25_noise_100,mixed
30002,40002,35002.0,0.012526096033402923,0.5745567940474374,0.32164297994112195,1.5628752148969633,0.6398463488756059,0.2708456575228105,0.5880550207422323,0.14109932173495723,mixed_keep_25_noise_100,mixed
35002,45002,40002.0,0.009544008483563097,0.5607940940442017,0.31273155554191434,1.5472802221983502,0.646295341757304,0.27443668599745497,0.5840198285060382,0.141543485496507,mixed_keep_25_noise_100,mixed
40002,50002,45002.0,0.0064516129032258064,0.5773956798050601,0.3204708496992347,1.5608239869736606,0.6406872320939512,0.27131443072189343,0.5875275454504951,0.14115802382761156,mixed_keep_25_noise_100,mixed
45002,55002,50002.0,0.002183406113537118,0.5782640318205164,0.3190277502523758,1.5582985629416575,0.6417255484804294,0.27189304735710634,0.5868767709860914,0.1412301816568023,mixed_keep_25_noise_100,mixed
50002,60002,55002.0,0.008658008658008658,0.5741935197546459,0.3197025397611592,1.5594794445820286,0.6412396158693966,0.2716222849711323,0.5871812583279068,0.14119645670096095,mixed_keep_25_noise_100,mixed
55002,65002,60002.0,0.011086474501108648,0.5870236436043942,0.32785191750791576,1.5737408556388526,0.6354286326220175,0.26838028622465215,0.5908327066820865,0.14078700709326142,mixed_keep_25_noise_100,mixed
60002,70002,65002.0,0.006825938566552901,0.5850605605850144,0.32485498067670676,1.5684962161842368,0.6375533391038408,0.26956655027656906,0.5894954116838856,0.14093803803954544,mixed_keep_25_noise_100,mixed
65002,75002,70002.0,0.006666666666666667,0.5646886129899779,0.31357873714448786,1.5487627900028538,0.645676669438938,0.2740926043401625,0.5844059201208314,0.14150147553900616,mixed_keep_25_noise_100,mixed
70002,80002,75002.0,0.008879023307436182,0.5750399925477234,0.32026755638959414,1.5604682236817897,0.6408332991495248,0.2713958434711564,0.5874359599368248,0.14116819659201882,mixed_keep_25_noise_100,mixed
75002,85002,80002.0,0.010180995475113122,0.587023472496597,0.32744435783692927,1.573027626214626,0.6357167435173567,0.26854120216671906,0.5906512212382355,0.14080757659504534,mixed_keep_25_noise_100,mixed
80002,90002,85002.0,0.01596351197263398,0.5955189070582869,0.33471897926974314,1.5857582137220505,0.6306131611658665,0.26568808792040804,0.5938728895102943,0.14043902256929777,mixed_keep_25_noise_100,mixed
85002,95002,90002.0,0.019318181818181818,0.5993530792075544,0.33833737538233677,1.5920904069190893,0.6281050345219625,0.26428391320050665,0.5954614591629721,0.14025462763652127,mixed_keep_25_noise_100,mixed
90002,100002,95002.0,0.009111617312072893,0.5965569557710773,0.3322065534645253,1.5813614685629194,0.6323664891802135,0.2666689014726938,0.5927644566429998,0.1405666418843065,mixed_keep_25_noise_100,mixed
95002,105002,100002.0,0.0011534025374855825,0.583844408775824,0.32163345596857174,1.5628585479450006,0.6398531724543453,0.27084946215430655,0.5880507388009721,0.1410997990447213,mixed_keep_25_noise_100,mixed
100002,110002,105002.0,0.0023228803716608595,0.586182979219993,0.32344593473824357,1.5660303857919262,0.638557213878267,0.27012668527301664,0.5888644490100513,0.14100886571693216,mixed_keep_25_noise_100,mixed
105002,115002,110002.0,0.0047169811320754715,0.6077474886683978,0.3363837602770528,1.5886715804848424,0.6294567186094011,0.26504081703256993,0.5946049117380545,0.1403542712293756,mixed_keep_25_noise_100,mixed
110002,120002,115002.0,0.009433962264150943,0.610528915495465,0.3400361865413737,1.595063326447404,0.6269343564103154,0.26362806149114415,0.5962041209398743,0.1401678175689817,mixed_keep_25_noise_100,mixed
115002,125002,120002.0,0.012761020881670533,0.5906051637445863,0.3305752994562742,1.57850677404848,0.6335101099599636,0.2673082904559457,0.5920423937960447,0.14064931574800962,mixed_keep_25_noise_100,mixed
120002,130002,125002.0,0.008158508158508158,0.5809152264432799,0.32317470321513264,1.5655557306264822,0.6387508157246079,0.27023468403482526,0.5887428298969224,0.14102248606825246,mixed_keep_25_noise_100,mixed
125002,135002,130002.0,0.014251781472684086,0.6013077468409116,0.3371325624252092,1.5899819842441163,0.628937943894631,0.2647503632600414,0.5949335341047748,0.14031610263518374,mixed_keep_25_noise_100,mixed
130002,140002,135002.0,0.01645123384253819,0.5939349536816144,0.33406727975403017,1.5846177395695529,0.6310670233135475,0.2659420414778051,0.5935857996478376,0.14047215887435727,mixed_keep_25_noise_100,mixed
135002,145002,140002.0,0.004728132387706856,0.5806430061042207,0.3214813129317895,1.5625922976306317,0.6399621971235274,0.2709102497553517,0.587982327039014,0.14110742320563444,mixed_keep_25_noise_100,mixed
140002,150002,145002.0,0.003575685339690107,0.5729131058546854,0.3167112666229375,1.5542447165901407,0.6433993240098645,0.27282526443443006,0.5858289936323964,0.14134574193317362,mixed_keep_25_noise_100,mixed
145002,155002,150002.0,0.00823529411764706,0.5803072435927196,0.32287486632893697,1.5650310160756398,0.6389649724051659,0.2703541393328147,0.5886083228737553,0.14103753779343003,mixed_keep_25_noise_100,mixed
150002,160002,155002.0,0.010778443113772455,0.6061397765134614,0.33822717648360145,1.5918975588463025,0.628181125376391,0.26432653195826133,0.5954132143875169,0.1402602536542218,mixed_keep_25_noise_100,mixed
155002,165002,160002.0,0.006082725060827251,0.5920131410326424,0.32834445384532557,1.5746027942293197,0.6350807985765351,0.2681859894888184,0.5910518743704322,0.14076213614074948,mixed_keep_25_noise_100,mixed
160002,170002,165002.0,0.004920049200492005,0.5988663112062415,0.33159049330365425,1.5802833632813948,0.632797903993332,0.266910134927042,0.5924919831674923,0.14059788190546563,mixed_keep_25_noise_100,mixed
165002,175002,170002.0,0.009732360097323601,0.5876995011529993,0.32761428767794526,1.5733250034364041,0.6355965854580797,0.26847409359301905,0.5907269049987068,0.14079900140827403,mixed_keep_25_noise_100,mixed
170002,180002,175002.0,0.00591016548463357,0.5825535742174449,0.3230640402876799,1.56536207050344,0.638829839334479,0.2702787641198895,0.5886931939415035,0.14102804193860702,mixed_keep_25_noise_100,mixed
175002,185002,180002.0,0.021712907117008445,0.609000727061598,0.3447212080865327,1.6032621141514323,0.6237283293688229,0.2618305090206484,0.5982418458320882,0.13992764514726347,mixed_keep_25_noise_100,mixed
180002,190002,185002.0,0.02781136638452237,0.5988038706040855,0.3418572437052821,1.5982501764842436,0.625684273159133,0.2629274139303375,0.59699799083076,0.14007459523890253,mixed_keep_25_noise_100,mixed
185002,195002,190002.0,0.008454106280193236,0.5967733690103016,0.33202970078175287,1.5810519763680675,0.6324902754286181,0.2667381228861549,0.5926862649932241,0.1405756121206212,mixed_keep_25_noise_100,mixed
190002,200000,195001.0,0.0012285012285012285,0.60643656827674,0.33409293810503254,1.584662641683807,0.6310491417513541,0.2659320368716389,0.5935971084425722,0.140470854685789,mixed_keep_25_noise_100,mixed
195002,200000,197501.0,0.0,0.5903876175490064,0.3247131896519535,1.5682480818909186,0.6376542152656407,0.2696228465754619,0.5894319827658923,0.14094517065864587,mixed_keep_25_noise_100,mixed
2,10002,5002.0,0.008136696501220505,0.5420048515616254,0.3017641817844432,1.5280873181227757,0.6544128651159017,0.2789428915103187,0.5789740768238761,0.1420830316658051,biased_low_missing_high_noise,biased_range
5002,15002,10002.0,0.011981566820276499,0.5640284631664071,0.3156073598106483,1.5523128796686345,0.6442000276474326,0.27327099215274697,0.5853283142610747,0.1414006935861785,biased_low_missing_high_noise,biased_range
10002,20002,15002.0,0.013552758954501452,0.5694258415061831,0.3192829543579264,1.5587451701263713,0.6415416831212555,0.27179060362366225,0.5869919661482996,0.14121743022803818,biased_low_missing_high_noise,biased_range
15002,25002,20002.0,0.008928571428571428,0.5604549675914953,0.31226808931817956,1.5464691563068143,0.646634299767181,0.27462516328918263,0.583808388520003,0.14156644819081443,biased_low_missing_high_noise,biased_range
20002,30002,25002.0,0.004069175991861648,0.5625300212528792,0.31122264088542134,1.5446396215494873,0.6474002000523991,0.27505094185513895,0.5833308639002105,0.14161819424465064,biased_low_missing_high_noise,biased_range
25002,35002,30002.0,0.006185567010309278,0.5796659523545216,0.32159977894962605,1.5627996131618456,0.6398773019765515,0.27086291599864615,0.5880355972204959,0.14110148678085788,biased_low_missing_high_noise,biased_range
30002,40002,35002.0,0.011482254697286013,0.5744474916036164,0.32111313499576777,1.5619479862425936,0.6402261847435714,0.27105742712280684,0.587816705393671,0.1411258674835222,biased_low_missing_high_noise,biased_range
35002,45002,40002.0,0.012725344644750796,0.5630681296974193,0.31541387642371843,1.5519742837415071,0.6443405734721294,0.27334921450037053,0.5852404683711242,0.14141031712850538,biased_low_missing_high_noise,biased_range
40002,50002,45002.0,0.005376344086021506,0.5766415798965807,0.3195722237818291,1.559251391618201,0.6413334022823566,0.2716745470873577,0.5871224810415734,0.14120297187106898,biased_low_missing_high_noise,biased_range
45002,55002,50002.0,0.0054585152838427945,0.5772786647405251,0.3199595974850181,1.5599292955987818,0.6410546957618025,0.27151923309957654,0.5872971648902423,0.14118360201018126,biased_low_missing_high_noise,biased_range
50002,60002,55002.0,0.008658008658008658,0.5698118952527077,0.3172926462850932,1.555262130998913,0.6429784279243785,0.2725909048982131,0.586092324554148,0.141316770547639,biased_low_missing_high_noise,biased_range
55002,65002,60002.0,0.008869179600886918,0.5862954518852674,0.3264536293572962,1.5712938513752683,0.6364181970958228,0.26893290253649144,0.5902095587341442,0.14085753872936443,biased_low_missing_high_noise,biased_range
60002,70002,65002.0,0.007963594994311717,0.5883630632811035,0.32718330255204725,1.5725707794660826,0.6359014252697223,0.26864434121735287,0.5905349117602056,0.14082074702244163,biased_low_missing_high_noise,biased_range
65002,75002,70002.0,0.005555555555555556,0.5651173684949982,0.313314552672249,1.5483004671764358,0.6458694686204248,0.27419984141518083,0.5842855777305429,0.14151458085427635,biased_low_missing_high_noise,biased_range
70002,80002,75002.0,0.009988901220865706,0.5728686260274061,0.31957274986446293,1.5592523122628101,0.6413330236135967,0.27167433607967595,0.587122718348758,0.14120294557156615,biased_low_missing_high_noise,biased_range
75002,85002,80002.0,0.010180995475113122,0.5858041767885142,0.3267737451974837,1.5718540540955965,0.6361913801058163,0.2688062569390376,0.590352341482333,0.14084140157862957,biased_low_missing_high_noise,biased_range
80002,90002,85002.0,0.009122006841505131,0.5971158488199492,0.33251861992964943,1.5819075848768867,0.6321481795523636,0.2665468144928686,0.5929023763167843,0.14055080919034707,biased_low_missing_high_noise,biased_range
85002,95002,90002.0,0.015909090909090907,0.6022799193254431,0.3384130465380846,1.592222831441648,0.6280527952827865,0.26425465312279245,0.5954945828716066,0.14025076400560105,biased_low_missing_high_noise,biased_range
90002,100002,95002.0,0.01366742596810934,0.598914803333894,0.33555348351929093,1.5872185961587593,0.6300329409068847,0.265363368766595,0.5942400733515136,0.14039655788189137,biased_low_missing_high_noise,biased_range
95002,105002,100002.0,0.00461361014994233,0.5855277995656,0.32411641432855404,1.5672037250749695,0.6380791367453925,0.26985995912376215,0.5891648631471248,0.140975177729113,biased_low_missing_high_noise,biased_range
100002,110002,105002.0,0.0023228803716608595,0.588111196574967,0.3245064542834793,1.5678862949960888,0.6378013528095127,0.26970495606954553,0.5893394758258004,0.1409555681046542,biased_low_missing_high_noise,biased_range
105002,115002,110002.0,0.0047169811320754715,0.612898436419996,0.3392167815404318,1.5936293676957556,0.627498476289948,0.2639441349546464,0.5958461567470947,0.1402097082982588,biased_low_missing_high_noise,biased_range
110002,120002,115002.0,0.00589622641509434,0.6122634105518493,0.3393981776903096,1.593946810958042,0.6273735065218079,0.26387412068448596,0.595925441595716,0.14020043771979795,biased_low_missing_high_noise,biased_range
115002,125002,120002.0,0.012761020881670533,0.5891370372222513,0.32976782986898995,1.5770937022707323,0.6340777333396102,0.2676255394544578,0.5916842762653981,0.14069018428014424,biased_low_missing_high_noise,biased_range
120002,130002,125002.0,0.01048951048951049,0.5863051791553898,0.32718812825574417,1.5725792244475523,0.6358980103856455,0.26864243417797906,0.5905370622242514,0.1408205035977696,biased_low_missing_high_noise,biased_range
125002,135002,130002.0,0.010688836104513063,0.5982135571412848,0.3338274326747375,1.5841980071807906,0.6312342241735182,0.26603558588467907,0.59348006578276,0.1404843483325609,biased_low_missing_high_noise,biased_range
130002,140002,135002.0,0.01762632197414806,0.5941651151648868,0.3347226582290544,1.585764651900845,0.6306106008866492,0.2656866552209393,0.5938745093353499,0.14043883544371086,biased_low_missing_high_noise,biased_range
135002,145002,140002.0,0.009456264775413711,0.5834757741443545,0.3251669949283312,1.5690422411245795,0.6373314712568032,0.26944272380254947,0.5896349377941629,0.14092233840328777,biased_low_missing_high_noise,biased_range
140002,150002,145002.0,0.004767580452920143,0.5733987914746388,0.31751474651486544,1.5556508064010144,0.6428177813975438,0.27250144441488316,0.5861928583352989,0.14130569724981806,biased_low_missing_high_noise,biased_range
145002,155002,150002.0,0.0058823529411764705,0.5856281893971315,0.3247425629919517,1.5682994852359156,0.6376333152016386,0.26961118299188386,0.5894451238414437,0.14094369316667255,biased_low_missing_high_noise,biased_range
150002,160002,155002.0,0.009580838323353293,0.6103983811526493,0.3400304868794662,1.595053352039066,0.6269382768429855,0.2636302583151238,0.5962016326100553,0.14016810907482102,biased_low_missing_high_noise,biased_range
155002,165002,160002.0,0.0072992700729927005,0.5976429376788085,0.33198828725619145,1.580979502698335,0.6325192694106729,0.26675433588056413,0.592667951691743,0.14057771242769299,biased_low_missing_high_noise,biased_range
160002,170002,165002.0,0.0036900369003690036,0.6018346082305728,0.3326695511319811,1.582171714480967,0.6320426479928893,0.2664877936143621,0.5929690566152763,0.14054314977036175,biased_low_missing_high_noise,biased_range
165002,175002,170002.0,0.009732360097323601,0.5885294518242119,0.3280707605471122,1.5741238309574463,0.6352740364725685,0.26829393357052816,0.5909301082512445,0.14077595817822747,biased_low_missing_high_noise,biased_range
170002,180002,175002.0,0.00591016548463357,0.5837368706522839,0.32371485332684125,1.5665009933219722,0.6383653788047513,0.27001966383156767,0.5889849789655605,0.14099535720287193,biased_low_missing_high_noise,biased_range
175002,185002,180002.0,0.021712907117008445,0.6221408875439024,0.35194829635180014,1.6159095186156502,0.6188465309967974,0.25908945443760434,0.6013555070295087,0.1395550385328869,biased_low_missing_high_noise,biased_range
180002,190002,185002.0,0.02902055622732769,0.6161221566671069,0.3519264364692063,1.615871263821111,0.6188611818216648,0.25909768759412466,0.6013461431039269,0.13955616930194856,biased_low_missing_high_noise,biased_range
185002,195002,190002.0,0.008454106280193236,0.6015866241327092,0.33467699109907706,1.5856847344233849,0.6306423832500588,0.26570444012653355,0.5938544016810811,0.1404411581923855,biased_low_missing_high_noise,biased_range
190002,200000,195001.0,0.0012285012285012285,0.6068059486425066,0.3342960973062042,1.5850181702858572,0.6309075938351234,0.2658528394358925,0.5936866335214482,0.14046052704265935,biased_low_missing_high_noise,biased_range
195002,200000,197501.0,0.0,0.5903876175490064,0.3247131896519535,1.5682480818909186,0.6376542152656407,0.2696228465754619,0.5894319827658923,0.14094517065864587,biased_low_missing_high_noise,biased_range
2,10002,5002.0,0.008136696501220505,0.5417200279166433,0.30160752877970304,1.5278131753644804,0.6545302895175233,0.2790079590324923,0.5789013623537095,0.1420906786137983,adversarial_mod6_noise_50,adversarial_mod6
5002,15002,10002.0,0.013824884792626729,0.564428284462694,0.31665675461116377,1.5541493205695365,0.6434388168271619,0.27284725237274216,0.5858042903291372,0.14134845729812068,adversarial_mod6_noise_50,adversarial_mod6
10002,20002,15002.0,0.011616650532429816,0.5678557558246184,0.3175481584431336,1.5557092772754837,0.6427936212807714,0.27248798966959265,0.5862079791720304,0.14130403115837714,adversarial_mod6_noise_50,adversarial_mod6
15002,25002,20002.0,0.008928571428571428,0.5607576720112195,0.31243457674902786,1.5467605093107988,0.6465124975588995,0.2745574383897445,0.5838843605306591,0.1415582010795965,adversarial_mod6_noise_50,adversarial_mod6
20002,30002,25002.0,0.004069175991861648,0.5640904985275872,0.31208090338651073,1.5461415809263936,0.6467712998190213,0.2747013343787436,0.5837229471482762,0.14157571847298014,adversarial_mod6_noise_50,adversarial_mod6
25002,35002,30002.0,0.008247422680412371,0.5787176519836071,0.32200604879716954,1.5635105853950466,0.6395863317723133,0.27070067164595124,0.5882182064900511,0.14108112186399782,adversarial_mod6_noise_50,adversarial_mod6
30002,40002,35002.0,0.014613778705636743,0.5723354368364991,0.3213606906776111,1.5623812086858195,0.6400486606217822,0.2709584562851497,0.5879280769033716,0.14111346681147866,adversarial_mod6_noise_50,adversarial_mod6
35002,45002,40002.0,0.010604453870625663,0.5638328772381317,0.31488008672275397,1.5510401517648194,0.6447286350789633,0.27356517072710423,0.5849979746321837,0.14143685464071215,adversarial_mod6_noise_50,adversarial_mod6
40002,50002,45002.0,0.004301075268817204,0.5784482916845548,0.32008204429747295,1.5601435775205776,0.6409666484601546,0.27147016356389586,0.5873523590452134,0.1411774773908909,adversarial_mod6_noise_50,adversarial_mod6
45002,55002,50002.0,0.0032751091703056767,0.5780364346187171,0.31939383816693195,1.558939216792131,0.6414618281639778,0.2717461086681219,0.5870420027274144,0.14121188860446374,adversarial_mod6_noise_50,adversarial_mod6
50002,60002,55002.0,0.006493506493506494,0.5697821471151328,0.316302258835401,1.5535289529619516,0.64369575996212,0.2729902987112049,0.5856435903135989,0.14136611097519616,adversarial_mod6_noise_50,adversarial_mod6
55002,65002,60002.0,0.009977827050997782,0.5874566645716568,0.3275911876873603,1.5732845784528804,0.6356129168846041,0.26848321492075244,0.590716617876491,0.14080016720275668,adversarial_mod6_noise_50,adversarial_mod6
60002,70002,65002.0,0.010238907849829351,0.5907423287318051,0.32951578933491604,1.5766526313361031,0.6342551175350335,0.2677246665312825,0.5915724001486751,0.1407029333200424,adversarial_mod6_noise_50,adversarial_mod6
65002,75002,70002.0,0.006666666666666667,0.565282151508762,0.31390518332981915,1.5493340708271837,0.6454385912175182,0.27396017056321514,0.5845545540023797,0.1414852754344052,adversarial_mod6_noise_50,adversarial_mod6
70002,80002,75002.0,0.003329633740288568,0.5727957075509205,0.3165359743361361,1.5539379550882382,0.6435263368949736,0.27289597858107817,0.5857495484495604,0.14135447296936143,adversarial_mod6_noise_50,adversarial_mod6
75002,85002,80002.0,0.010180995475113122,0.5888320203258649,0.3284390591430266,1.5747683535002965,0.6350140309698646,0.2681486907294324,0.5910939518728181,0.1407573573977495,adversarial_mod6_noise_50,adversarial_mod6
80002,90002,85002.0,0.014823261117445839,0.593566910379957,0.333132268211827,1.5829814693706972,0.6317193342746726,0.2663069584243671,0.5931733814588844,0.1405196601167486,adversarial_mod6_noise_50,adversarial_mod6
85002,95002,90002.0,0.017045454545454544,0.6012367756051957,0.33835068112831224,1.5921136919745464,0.6280958483309038,0.2642787679011286,0.5954672838076882,0.14025394829118334,adversarial_mod6_noise_50,adversarial_mod6
90002,100002,95002.0,0.014806378132118452,0.6019840709865724,0.33775410920206816,1.5910696911036193,0.6285079815117127,0.2645095915829195,0.5952060103591538,0.14028439805792672,adversarial_mod6_noise_50,adversarial_mod6
95002,105002,100002.0,0.0034602076124567475,0.5837847465641257,0.32263870403587475,1.5646177320627808,0.639133751016363,0.27044827578381353,0.5885023349171333,0.14104938929905325,adversarial_mod6_noise_50,adversarial_mod6
100002,110002,105002.0,0.003484320557491289,0.5861030591796197,0.32392462679966194,1.5668680968994084,0.6382158153445376,0.26993621929183215,0.5890789639728298,0.14098481673533814,adversarial_mod6_noise_50,adversarial_mod6
105002,115002,110002.0,0.0047169811320754715,0.6081570019214201,0.33660899256621507,1.5890657369908765,0.6293005863266823,0.2649534069471086,0.5947037994266744,0.1403427936262169,adversarial_mod6_noise_50,adversarial_mod6
110002,120002,115002.0,0.008254716981132075,0.6090812632523795,0.33870931743031824,1.5927413055030568,0.6278483496000982,0.2641401342216726,0.5956242317063343,0.14023563407199313,adversarial_mod6_noise_50,adversarial_mod6
115002,125002,120002.0,0.012761020881670533,0.592726876123757,0.33174224126481805,1.5805489222134317,0.6326915832504446,0.26685068744850154,0.5925591237386177,0.14059018881288082,adversarial_mod6_noise_50,adversarial_mod6
120002,130002,125002.0,0.005827505827505828,0.5791520312318927,0.32115599479991863,1.5620229908998575,0.6401954425932715,0.27104028868584173,0.5878359905183519,0.1411237207958064,adversarial_mod6_noise_50,adversarial_mod6
125002,135002,130002.0,0.011876484560570071,0.6004788872395603,0.33560780603401474,1.5873136605595257,0.6299952081603717,0.26534224925367206,0.5942639584250133,0.14039379232131474,adversarial_mod6_noise_50,adversarial_mod6
130002,140002,135002.0,0.01880141010575793,0.596135176423135,0.33633498158031533,1.5885862177655519,0.6294905424815809,0.26505975253116454,0.5945834908837168,0.14035675658511862,adversarial_mod6_noise_50,adversarial_mod6
135002,145002,140002.0,0.008274231678486997,0.5831060245662112,0.3244317177667353,1.5677555060917867,0.6378545609403545,0.26973464746169423,0.5893060262910397,0.14095932624726604,adversarial_mod6_noise_50,adversarial_mod6
140002,150002,145002.0,0.003575685339690107,0.5737018152318415,0.3171450567803734,1.5550038493656535,0.6430852247780215,0.2726503744120964,0.5860254983406382,0.1413241272472655,adversarial_mod6_noise_50,adversarial_mod6
145002,155002,150002.0,0.004705882352941176,0.580971284607248,0.32165185359280996,1.5628907437874173,0.6398399913589986,0.2708421127447345,0.5880590102430743,0.1410988770121912,adversarial_mod6_noise_50,adversarial_mod6
150002,160002,155002.0,0.010778443113772455,0.6093467771150911,0.3399910268144978,1.5949842969253711,0.6269654202412437,0.2636454680977918,0.5961844047117026,0.14017012719050562,adversarial_mod6_noise_50,adversarial_mod6
155002,165002,160002.0,0.00851581508515815,0.5955139530979189,0.3313647909921766,1.579888384236309,0.632956106252647,0.266998586605406,0.5923920915327965,0.14060932186179767,adversarial_mod6_noise_50,adversarial_mod6
160002,170002,165002.0,0.006150061500615006,0.6012669212851849,0.33346433438212847,1.5835625851687247,0.6314875138916296,0.2661772834081344,0.5933199209162079,0.14050279567565788,adversarial_mod6_noise_50,adversarial_mod6
165002,175002,170002.0,0.009732360097323601,0.5884799092397535,0.3280435121256601,1.574076146219905,0.6352932813329704,0.2683046834420847,0.5909179825161592,0.1407773340417561,adversarial_mod6_noise_50,adversarial_mod6
170002,180002,175002.0,0.00591016548463357,0.5781724397368131,0.32065441632333236,1.5611452285658316,0.640555395937548,0.2712409456370464,0.5876102183386339,0.1411488360243197,adversarial_mod6_noise_50,adversarial_mod6
175002,185002,180002.0,0.019300361881785282,0.6038172554385028,0.34078465333797997,1.596373143341465,0.6264199596260055,0.2633397906737013,0.5965306861914121,0.14012952313488664,adversarial_mod6_noise_50,adversarial_mod6
180002,190002,185002.0,0.026602176541717048,0.5956358625273944,0.33957070383383964,1.5942487317092193,0.6272546937690734,0.26380755289711366,0.5960008282290409,0.14019161887384543,adversarial_mod6_noise_50,adversarial_mod6
185002,195002,190002.0,0.010869565217391304,0.5990945811946838,0.33439332400490224,1.585188317008579,0.6308398751557214,0.2658149486768624,0.5937294676135385,0.14045558370959907,adversarial_mod6_noise_50,adversarial_mod6
190002,200000,195001.0,0.0012285012285012285,0.60643656827674,0.33409293810503254,1.584662641683807,0.6310491417513541,0.2659320368716389,0.5935971084425722,0.140470854685789,adversarial_mod6_noise_50,adversarial_mod6
195002,200000,197501.0,0.0,0.5903876175490064,0.3247131896519535,1.5682480818909186,0.6376542152656407,0.2696228465754619,0.5894319827658923,0.14094517065864587,adversarial_mod6_noise_50,adversarial_mod6
2,10002,5002.0,0.008950366151342554,0.5418963017517064,0.3020706307315427,1.5286236037801997,0.6541832780332951,0.27881566230296445,0.579116270197062,0.14206806749997355,adversarial_mod6_noise_100,adversarial_mod6
5002,15002,10002.0,0.016589861751152075,0.5696601943215301,0.32077854466486005,1.561362453163505,0.6404662786490617,0.2711912696951615,0.587666108262251,0.14114262204258768,adversarial_mod6_noise_100,adversarial_mod6
10002,20002,15002.0,0.012584704743465635,0.5723217481296162,0.3204400786058485,1.560770137560235,0.6407093369707728,0.27132675152981073,0.5875136847005378,0.14115956376965144,adversarial_mod6_noise_100,adversarial_mod6
15002,25002,20002.0,0.006944444444444444,0.5592716053767971,0.3107243829572384,1.5437676701751673,0.6477658648509802,0.27525417304478395,0.5831029958127699,0.14164283114244614,adversarial_mod6_noise_100,adversarial_mod6
20002,30002,25002.0,0.003051881993896236,0.5621378534976382,0.31054916632095436,1.5434610410616703,0.6478945521761597,0.27532568806465235,0.5830228208915847,0.14165149104376298,adversarial_mod6_noise_100,adversarial_mod6
25002,35002,30002.0,0.008247422680412371,0.5775059185159669,0.32133959538996737,1.5623442919324428,0.6400637843807867,0.2709668881549728,0.5879185881744878,0.14111452367053945,adversarial_mod6_noise_100,adversarial_mod6
30002,40002,35002.0,0.013569937369519834,0.5723718077738822,0.32091096609191916,1.5615941906608586,0.6403712347167513,0.2711382881321315,0.5877257199969129,0.14113599187095552,adversarial_mod6_noise_100,adversarial_mod6
35002,45002,40002.0,0.009544008483563097,0.5624252536599178,0.3136286933305582,1.548850213328477,0.6456402248549273,0.274072332475358,0.5844286706506784,0.1414989968739638,adversarial_mod6_noise_100,adversarial_mod6
40002,50002,45002.0,0.004301075268817204,0.575986135280055,0.31872785827499805,1.5577737519812467,0.6419417445750097,0.27201349485194776,0.5867413443263689,0.1412451608216834,adversarial_mod6_noise_100,adversarial_mod6
45002,55002,50002.0,0.0032751091703056767,0.5776359949625475,0.31917359635603865,1.5585537936230676,0.6416204587172867,0.27183449573920565,0.5869426094034769,0.1412228948573175,adversarial_mod6_noise_100,adversarial_mod6
50002,60002,55002.0,0.006493506493506494,0.5701494025448868,0.3165042493217657,1.5538824363130899,0.6435493294928467,0.2729087792620818,0.5857351678009199,0.14135605293699827,adversarial_mod6_noise_100,adversarial_mod6
55002,65002,60002.0,0.011086474501108648,0.5865909572962674,0.327613940038446,1.5733243950672806,0.6355968312289703,0.2684742308598953,0.590726750187172,0.14079901895293273,adversarial_mod6_noise_100,adversarial_mod6
60002,70002,65002.0,0.011376564277588168,0.5940443782702459,0.33184386197355,1.5807267584537126,0.6326204036542109,0.2668108872046467,0.5926040765116333,0.1405850362837201,adversarial_mod6_noise_100,adversarial_mod6
65002,75002,70002.0,0.006666666666666667,0.5693623316867439,0.3161492824277092,1.5532612442484912,0.6438067026412073,0.2730520584216686,0.5855742149087806,0.14137372666955086,adversarial_mod6_noise_100,adversarial_mod6
70002,80002,75002.0,0.003329633740288568,0.5727954385831764,0.3165358264038769,1.5539376962067846,0.6435264441045703,0.2728960382682158,0.585749481394961,0.14135448033682324,adversarial_mod6_noise_100,adversarial_mod6
75002,85002,80002.0,0.010180995475113122,0.5909808074397089,0.3296208920556408,1.5768365610973714,0.6341811349833668,0.2676833239128683,0.5916190587731713,0.14069761731396035,adversarial_mod6_noise_100,adversarial_mod6
80002,90002,85002.0,0.014823261117445839,0.5987149262945338,0.33596367696484425,1.5879364346884774,0.629748129808597,0.2652039488712762,0.5944203801167375,0.14037567101198653,adversarial_mod6_noise_100,adversarial_mod6
85002,95002,90002.0,0.017045454545454544,0.6038088192125706,0.3397653051123684,1.5945892839466447,0.6271207326346614,0.2637324943697503,0.5960858358467422,0.14018166978350757,adversarial_mod6_noise_100,adversarial_mod6
90002,100002,95002.0,0.01366742596810934,0.6016401415013177,0.337052419511374,1.5898417341449045,0.6289934265298737,0.2647814297946509,0.5948983810339841,0.14032018917136502,adversarial_mod6_noise_100,adversarial_mod6
95002,105002,100002.0,0.0034602076124567475,0.5856001837619565,0.3236371944946817,1.566365090365693,0.6384207654720739,0.27005056393034294,0.5889501774116378,0.14099925865801932,adversarial_mod6_noise_100,adversarial_mod6
100002,110002,105002.0,0.0023228803716608595,0.5857799517306498,0.32322426961910483,1.5656424718334334,0.6387154270469922,0.27021494345735675,0.5887650592090076,0.14101999733363582,adversarial_mod6_noise_100,adversarial_mod6
105002,115002,110002.0,0.003537735849056604,0.607394996346448,0.3356592291226219,1.5874036509645884,0.6299594935367249,0.2653222590349766,0.5942865667402588,0.1403911742247647,adversarial_mod6_noise_100,adversarial_mod6
110002,120002,115002.0,0.012971698113207548,0.6116498760828136,0.3422446959964909,1.598928217993859,0.6254189454825424,0.2627786619124628,0.5971665988813689,0.1400547392061683,adversarial_mod6_noise_100,adversarial_mod6
115002,125002,120002.0,0.013921113689095127,0.593516093814048,0.3326983527578192,1.5822221173261837,0.63202251381109,0.2664765328541594,0.5929817791357578,0.1405416880100828,adversarial_mod6_noise_100,adversarial_mod6
120002,130002,125002.0,0.0034965034965034965,0.5766510073950941,0.31873148064072837,1.5577800911212747,0.6419391322944754,0.27201203955793885,0.5867429805191778,0.14124497992288326,adversarial_mod6_noise_100,adversarial_mod6
125002,135002,130002.0,0.009501187648456057,0.5917023620413293,0.32971183356453637,1.5769957087379387,0.6341171345357018,0.26764755849523314,0.5916594244377106,0.14069301706705636,adversarial_mod6_noise_100,adversarial_mod6
130002,140002,135002.0,0.01762632197414806,0.5873453212862201,0.33097177159578767,1.5792006002926284,0.6332317755038204,0.26715270182308254,0.5922180624806476,0.1406292356962698,adversarial_mod6_noise_100,adversarial_mod6
135002,145002,140002.0,0.010638297872340425,0.582144334872247,0.3249666182222891,1.568691581889006,0.6374739378634313,0.2695222369718687,0.58954534160491,0.1409324214232214,adversarial_mod6_noise_100,adversarial_mod6
140002,150002,145002.0,0.003575685339690107,0.5725112722696937,0.31649025815119214,1.5538579517645863,0.6435594700689234,0.27291442479153405,0.5857288255039382,0.14135674970452775,adversarial_mod6_noise_100,adversarial_mod6
145002,155002,150002.0,0.007058823529411765,0.5804071873432392,0.3224004236270168,1.5642007413472794,0.6393041337767675,0.27054330047387776,0.5883953558035293,0.14106134372259307,adversarial_mod6_noise_100,adversarial_mod6
150002,160002,155002.0,0.010778443113772455,0.6085645906308487,0.33956082424816436,1.5942314424342876,0.6272614962812835,0.26381136425148227,0.5959965118281186,0.14019212392039923,adversarial_mod6_noise_100,adversarial_mod6
155002,165002,160002.0,0.006082725060827251,0.5944645885478872,0.32969274997871023,1.5769623124627428,0.6341305636139772,0.2676550631505494,0.5916509544067001,0.14069398244275058,adversarial_mod6_noise_100,adversarial_mod6
160002,170002,165002.0,0.004920049200492005,0.6013491415730536,0.33295605000540096,1.5826730875094517,0.6318424239927111,0.26637580734772653,0.5930955855013238,0.14052860715094972,adversarial_mod6_noise_100,adversarial_mod6
165002,175002,170002.0,0.009732360097323601,0.5880856814606458,0.3278266868471508,1.5736967019825139,0.6354464610240452,0.26839024428585323,0.5908214749551707,0.14078828075897615,adversarial_mod6_noise_100,adversarial_mod6
170002,180002,175002.0,0.0070921985815602835,0.5792634889189759,0.3217864082671389,1.5631262144674931,0.6397436053112754,0.2707883693952144,0.5881194976799301,0.14109213292485553,adversarial_mod6_noise_100,adversarial_mod6
175002,185002,180002.0,0.022919179734620022,0.6138319683920891,0.34792121349622807,1.608862123618399,0.6215573014740117,0.2606120877765924,0.5996249398964499,0.1397629723269577,adversarial_mod6_noise_100,adversarial_mod6
180002,190002,185002.0,0.026602176541717048,0.600157413334262,0.3420575567776168,1.5986007243608293,0.6255470704855531,0.2628504950755792,0.597085174315613,0.14006433060880782,adversarial_mod6_noise_100,adversarial_mod6
185002,195002,190002.0,0.006038647342995169,0.5953784858666962,0.33017555853103076,1.5778072274293038,0.633790987020185,0.26746528346867554,0.5918651640835567,0.1406695524477679,adversarial_mod6_noise_100,adversarial_mod6
190002,200000,195001.0,0.0012285012285012285,0.6060319445513469,0.33387039505606636,1.584273191348116,0.6312042679640772,0.26601882662285875,0.5934990082396489,0.1404821651374925,adversarial_mod6_noise_100,adversarial_mod6
195002,200000,197501.0,0.0024330900243309003,0.5893861186378524,0.3252572557617677,1.5692001975830934,0.6372673171595413,0.2694069167818281,0.5896752875367398,0.1409177956814322,adversarial_mod6_noise_100,adversarial_mod6
