window_index,midpoint,z_center,empirical_pdf,exp_pdf,delta
7,3573.4255274176344,0.03333333333333333,0.0,0.9697991161959337,-0.9697991161959337
7,3573.4255274176344,0.1,0.0,0.9072538472787854,-0.9072538472787854
7,3573.4255274176344,0.16666666666666669,0.0,0.8487423113261123,-0.8487423113261123
7,3573.4255274176344,0.23333333333333334,2.761506276150628,0.7940043607374581,1.9675019154131699
7,3573.4255274176344,0.3,0.0,0.7427966256154565,-0.7427966256154565
7,3573.4255274176344,0.3666666666666667,0.0,0.694891431721175,-0.694891431721175
7,3573.4255274176344,0.43333333333333335,0.0,0.6500757882137806,-0.6500757882137806
7,3573.4255274176344,0.5,2.0711297071129713,0.6081504406739263,1.4629792664390449
7,3573.4255274176344,0.5666666666666667,0.0,0.5689289852005146,-0.5689289852005146
7,3573.4255274176344,0.6333333333333333,0.0,0.5322370396420313,-0.5322370396420313
7,3573.4255274176344,0.7,2.1338912133891217,0.4979114682776703,1.6359797451114515
7,3573.4255274176344,0.7666666666666666,1.1924686192468603,0.4657996565011093,0.726668962745751
7,3573.4255274176344,0.8333333333333334,0.0,0.4357588322821159,-0.4357588322821159
7,3573.4255274176344,0.9,0.0,0.4076554313891406,-0.4076554313891406
7,3573.4255274176344,0.9666666666666667,0.8158995815899583,0.38136450355061846,0.4345350780393399
7,3573.4255274176344,1.0333333333333332,0.25104602510460255,0.35676915691471883,-0.10572313181011628
7,3573.4255274176344,1.1,0.0,0.3337600383375607,-0.3337600383375607
7,3573.4255274176344,1.1666666666666665,0.690376569037657,0.3122348471892086,0.3781417218484484
7,3573.4255274176344,1.2333333333333334,1.0041841004184102,0.29209788051578434,0.7120862199026259
7,3573.4255274176344,1.2999999999999998,0.0,0.2732596075354472,-0.2732596075354472
7,3573.4255274176344,1.3666666666666667,0.0,0.2556362715764093,-0.2556362715764093
7,3573.4255274176344,1.4333333333333331,0.6276150627615064,0.23914951768717055,0.38846554507433584
7,3573.4255274176344,1.5,0.690376569037657,0.2237260442632904,0.4666505247743666
7,3573.4255274176344,1.5666666666666667,0.0,0.2092972771418011,-0.2092972771418011
7,3573.4255274176344,1.6333333333333333,0.06276150627615064,0.19579906471425323,-0.1330375584381026
7,3573.4255274176344,1.7000000000000002,0.3765690376569038,0.18317139270284163,0.19339764495406217
7,3573.4255274176344,1.7666666666666666,0.25104602510460255,0.17135811733147788,0.07968790777312468
7,3573.4255274176344,1.8333333333333335,0.0,0.16030671570546504,-0.16030671570546504
7,3573.4255274176344,1.9,0.25104602510460255,0.1499680522899403,0.10107797281466224
7,3573.4255274176344,1.9666666666666668,0.3138075313807532,0.14029616044882603,0.17351137093192714
7,3573.4255274176344,2.033333333333333,0.06276150627615085,0.13124803807299337,-0.06848653179684253
7,3573.4255274176344,2.0999999999999996,0.06276150627615043,0.12278345638898103,-0.0600219501128306
7,3573.4255274176344,2.166666666666667,0.43933054393305304,0.1148647810982167,0.32446576283483636
7,3573.4255274176344,2.2333333333333334,0.06276150627615085,0.10745680505150948,-0.04469529877535863
7,3573.4255274176344,2.3,0.0,0.10052659171486797,-0.10052659171486797
7,3573.4255274176344,2.3666666666666667,0.0,0.09404332873068051,-0.09404332873068051
7,3573.4255274176344,2.4333333333333336,0.12552301255230086,0.08797819092317623,0.03754482162912463
7,3573.4255274176344,2.5,0.06276150627615085,0.08230421213907665,-0.019542705862925808
7,3573.4255274176344,2.5666666666666664,0.0,0.0769961653536303,-0.0769961653536303
7,3573.4255274176344,2.6333333333333333,0.1255230125523017,0.07203045050897056,0.05349256204333114
7,3573.4255274176344,2.7,0.1882845188284513,0.06738498958611619,0.1208995292423351
7,3573.4255274176344,2.7666666666666666,0.0,0.06303912844409452,-0.06303912844409452
7,3573.4255274176344,2.833333333333333,0.06276150627615043,0.05897354498975579,0.0037879612863946435
7,3573.4255274176344,2.9,0.06276150627615085,0.05517016326999288,0.007591343006157963
7,3573.4255274176344,2.966666666666667,0.0,0.05161207310441313,-0.05161207310441313
7,3573.4255274176344,3.033333333333333,0.0,0.04828345490114099,-0.04828345490114099
7,3573.4255274176344,3.0999999999999996,0.0,0.0451695093214765,-0.0451695093214765
7,3573.4255274176344,3.166666666666667,0.0,0.042256391480692004,-0.042256391480692004
7,3573.4255274176344,3.2333333333333334,0.06276150627615085,0.039531149392417926,0.02323035688373292
7,3573.4255274176344,3.3,0.0,0.036981666382935374,-0.036981666382935374
7,3573.4255274176344,3.3666666666666667,0.0,0.034596607219344995,-0.034596607219344995
7,3573.4255274176344,3.4333333333333336,0.06276150627615043,0.03236536771209253,0.0303961385640579
7,3573.4255274176344,3.5,0.06276150627615085,0.030278027567779357,0.03248347870837149
7,3573.4255274176344,3.5666666666666664,0.06276150627615043,0.028325306282637477,0.03443619999351295
7,3573.4255274176344,3.6333333333333333,0.0,0.02649852188056732,-0.02649852188056732
7,3573.4255274176344,3.7,0.0,0.024789552312283886,-0.024789552312283886
7,3573.4255274176344,3.7666666666666666,0.0,0.02319079934394827,-0.02319079934394827
7,3573.4255274176344,3.833333333333333,0.0,0.02169515477473027,-0.02169515477473027
7,3573.4255274176344,3.9,0.0,0.020295968833102217,-0.020295968833102217
7,3573.4255274176344,3.966666666666667,0.0,0.018987020611351133,-0.018987020611351133
7,3573.4255274176344,4.033333333333333,0.0,0.017762490406858282,-0.017762490406858282
7,3573.4255274176344,4.1,0.0,0.016616933847173034,-0.016616933847173034
7,3573.4255274176344,4.166666666666666,0.0,0.015545257683838685,-0.015545257683838685
7,3573.4255274176344,4.233333333333333,0.0,0.01454269714734751,-0.01454269714734751
7,3573.4255274176344,4.3,0.0,0.013604794762542978,-0.013604794762542978
7,3573.4255274176344,4.366666666666667,0.0,0.012727380530280517,-0.012727380530280517
7,3573.4255274176344,4.433333333333334,0.0,0.011906553387232842,-0.011906553387232842
7,3573.4255274176344,4.5,0.0,0.011138663861408195,-0.011138663861408195
7,3573.4255274176344,4.566666666666666,0.0,0.01042029784626662,-0.01042029784626662
7,3573.4255274176344,4.633333333333333,0.0,0.009748261421292348,-0.009748261421292348
7,3573.4255274176344,4.7,0.0,0.009119566651533231,-0.009119566651533231
7,3573.4255274176344,4.766666666666667,0.0,0.00853141830297074,-0.00853141830297074
7,3573.4255274176344,4.833333333333333,0.0,0.00798120141465572,-0.00798120141465572
7,3573.4255274176344,4.9,0.0,0.00746646967235465,-0.00746646967235465
7,3573.4255274176344,4.966666666666667,0.0,0.0069849345320145105,-0.0069849345320145105
7,3573.4255274176344,5.033333333333333,0.0,0.006534455044688131,-0.006534455044688131
7,3573.4255274176344,5.1,0.0,0.006113028337680839,-0.006113028337680839
7,3573.4255274176344,5.166666666666666,0.0,0.005718780709596645,-0.005718780709596645
7,3573.4255274176344,5.233333333333333,0.0,0.005349959299691729,-0.005349959299691729
7,3573.4255274176344,5.3,0.0,0.005004924294496477,-0.005004924294496477
7,3573.4255274176344,5.366666666666667,0.0,0.004682141637055892,-0.004682141637055892
7,3573.4255274176344,5.433333333333334,0.0,0.004380176206373162,-0.004380176206373162
7,3573.4255274176344,5.5,0.0,0.0040976854367313865,-0.0040976854367313865
7,3573.4255274176344,5.566666666666666,0.0,0.003833413348524548,-0.003833413348524548
7,3573.4255274176344,5.633333333333333,0.0,0.003586184964058159,-0.003586184964058159
7,3573.4255274176344,5.7,0.0,0.0033549010834917664,-0.0033549010834917664
7,3573.4255274176344,5.766666666666667,0.0,0.003138533397696691,-0.003138533397696691
7,3573.4255274176344,5.833333333333333,0.0,0.0029361199163002714,-0.0029361199163002714
7,3573.4255274176344,5.9,0.0,0.002746760690589351,-0.002746760690589351
7,3573.4255274176344,5.966666666666667,0.0,0.0025696138122566084,-0.0025696138122566084
8,6195.053268536115,0.03333333333333333,0.0,0.9697991161959337,-0.9697991161959337
8,6195.053268536115,0.1,0.0,0.9072538472787854,-0.9072538472787854
8,6195.053268536115,0.16666666666666669,0.0,0.8487423113261123,-0.8487423113261123
8,6195.053268536115,0.23333333333333334,2.164948453608248,0.7940043607374581,1.37094409287079
8,6195.053268536115,0.3,0.0,0.7427966256154565,-0.7427966256154565
8,6195.053268536115,0.3666666666666667,0.0,0.694891431721175,-0.694891431721175
8,6195.053268536115,0.43333333333333335,1.7783505154639179,0.6500757882137806,1.1282747272501372
8,6195.053268536115,0.5,0.425257731958763,0.6081504406739263,-0.18289270871516333
8,6195.053268536115,0.5666666666666667,0.0,0.5689289852005146,-0.5689289852005146
8,6195.053268536115,0.6333333333333333,0.077319587628866,0.5322370396420313,-0.4549174520131653
8,6195.053268536115,0.7,3.6340206185567014,0.4979114682776703,3.1361091502790313
8,6195.053268536115,0.7666666666666666,0.0,0.4657996565011093,-0.4657996565011093
8,6195.053268536115,0.8333333333333334,0.0,0.4357588322821159,-0.4357588322821159
8,6195.053268536115,0.9,1.043814432989691,0.4076554313891406,0.6361590016005504
8,6195.053268536115,0.9666666666666667,0.19329896907216498,0.38136450355061846,-0.18806553447845348
8,6195.053268536115,1.0333333333333332,0.0,0.35676915691471883,-0.35676915691471883
8,6195.053268536115,1.1,0.46391752577319595,0.3337600383375607,0.13015748743563527
8,6195.053268536115,1.1666666666666665,1.043814432989691,0.3122348471892086,0.7315795858004824
8,6195.053268536115,1.2333333333333334,0.0,0.29209788051578434,-0.29209788051578434
8,6195.053268536115,1.2999999999999998,0.0,0.2732596075354472,-0.2732596075354472
8,6195.053268536115,1.3666666666666667,0.9278350515463919,0.2556362715764093,0.6721987799699827
8,6195.053268536115,1.4333333333333331,0.270618556701031,0.23914951768717055,0.03146903901386047
8,6195.053268536115,1.5,0.0,0.2237260442632904,-0.2237260442632904
8,6195.053268536115,1.5666666666666667,0.38659793814432875,0.2092972771418011,0.17730066100252764
8,6195.053268536115,1.6333333333333333,0.347938144329897,0.19579906471425323,0.15213907961564377
8,6195.053268536115,1.7000000000000002,0.0,0.18317139270284163,-0.18317139270284163
8,6195.053268536115,1.7666666666666666,0.11597938144329899,0.17135811733147788,-0.05537873588817889
8,6195.053268536115,1.8333333333333335,0.270618556701031,0.16030671570546504,0.11031184099556599
8,6195.053268536115,1.9,0.038659793814433,0.1499680522899403,-0.11130825847550732
8,6195.053268536115,1.9666666666666668,0.0,0.14029616044882603,-0.14029616044882603
8,6195.053268536115,2.033333333333333,0.46391752577319756,0.13124803807299337,0.3326694877002042
8,6195.053268536115,2.0999999999999996,0.19329896907216437,0.12278345638898103,0.07051551268318335
8,6195.053268536115,2.166666666666667,0.0,0.1148647810982167,-0.1148647810982167
8,6195.053268536115,2.2333333333333334,0.07731958762886626,0.10745680505150948,-0.03013721742264322
8,6195.053268536115,2.3,0.1159793814432986,0.10052659171486797,0.01545278972843063
8,6195.053268536115,2.3666666666666667,0.0,0.09404332873068051,-0.09404332873068051
8,6195.053268536115,2.4333333333333336,0.03865979381443287,0.08797819092317623,-0.049318397108743355
8,6195.053268536115,2.5,0.07731958762886626,0.08230421213907665,-0.004984624510210395
8,6195.053268536115,2.5666666666666664,0.03865979381443287,0.0769961653536303,-0.038336371539197424
8,6195.053268536115,2.6333333333333333,0.03865979381443313,0.07203045050897056,-0.033370656694537426
8,6195.053268536115,2.7,0.1546391752577315,0.06738498958611619,0.0872541856716153
8,6195.053268536115,2.7666666666666666,0.07731958762886626,0.06303912844409452,0.014280459184771735
8,6195.053268536115,2.833333333333333,0.07731958762886575,0.05897354498975579,0.01834604263910996
8,6195.053268536115,2.9,0.0,0.05517016326999288,-0.05517016326999288
8,6195.053268536115,2.966666666666667,0.0,0.05161207310441313,-0.05161207310441313
8,6195.053268536115,3.033333333333333,0.03865979381443313,0.04828345490114099,-0.009623661086707862
8,6195.053268536115,3.0999999999999996,0.0,0.0451695093214765,-0.0451695093214765
8,6195.053268536115,3.166666666666667,0.0,0.042256391480692004,-0.042256391480692004
8,6195.053268536115,3.2333333333333334,0.03865979381443313,0.039531149392417926,-0.0008713555779847962
8,6195.053268536115,3.3,0.03865979381443287,0.036981666382935374,0.001678127431497499
8,6195.053268536115,3.3666666666666667,0.15463917525773252,0.034596607219344995,0.12004256803838753
8,6195.053268536115,3.4333333333333336,0.07731958762886575,0.03236536771209253,0.044954219916773216
8,6195.053268536115,3.5,0.03865979381443313,0.030278027567779357,0.008381766246653773
8,6195.053268536115,3.5666666666666664,0.03865979381443287,0.028325306282637477,0.010334487531795396
8,6195.053268536115,3.6333333333333333,0.0,0.02649852188056732,-0.02649852188056732
8,6195.053268536115,3.7,0.03865979381443287,0.024789552312283886,0.013870241502148987
8,6195.053268536115,3.7666666666666666,0.0,0.02319079934394827,-0.02319079934394827
8,6195.053268536115,3.833333333333333,0.0,0.02169515477473027,-0.02169515477473027
8,6195.053268536115,3.9,0.0,0.020295968833102217,-0.020295968833102217
8,6195.053268536115,3.966666666666667,0.0,0.018987020611351133,-0.018987020611351133
8,6195.053268536115,4.033333333333333,0.0,0.017762490406858282,-0.017762490406858282
8,6195.053268536115,4.1,0.0,0.016616933847173034,-0.016616933847173034
8,6195.053268536115,4.166666666666666,0.0,0.015545257683838685,-0.015545257683838685
8,6195.053268536115,4.233333333333333,0.0,0.01454269714734751,-0.01454269714734751
8,6195.053268536115,4.3,0.0,0.013604794762542978,-0.013604794762542978
8,6195.053268536115,4.366666666666667,0.0,0.012727380530280517,-0.012727380530280517
8,6195.053268536115,4.433333333333334,0.0,0.011906553387232842,-0.011906553387232842
8,6195.053268536115,4.5,0.0,0.011138663861408195,-0.011138663861408195
8,6195.053268536115,4.566666666666666,0.0,0.01042029784626662,-0.01042029784626662
8,6195.053268536115,4.633333333333333,0.0,0.009748261421292348,-0.009748261421292348
8,6195.053268536115,4.7,0.0,0.009119566651533231,-0.009119566651533231
8,6195.053268536115,4.766666666666667,0.0,0.00853141830297074,-0.00853141830297074
8,6195.053268536115,4.833333333333333,0.0,0.00798120141465572,-0.00798120141465572
8,6195.053268536115,4.9,0.0,0.00746646967235465,-0.00746646967235465
8,6195.053268536115,4.966666666666667,0.0,0.0069849345320145105,-0.0069849345320145105
8,6195.053268536115,5.033333333333333,0.0,0.006534455044688131,-0.006534455044688131
8,6195.053268536115,5.1,0.0,0.006113028337680839,-0.006113028337680839
8,6195.053268536115,5.166666666666666,0.0,0.005718780709596645,-0.005718780709596645
8,6195.053268536115,5.233333333333333,0.0,0.005349959299691729,-0.005349959299691729
8,6195.053268536115,5.3,0.0,0.005004924294496477,-0.005004924294496477
8,6195.053268536115,5.366666666666667,0.0,0.004682141637055892,-0.004682141637055892
8,6195.053268536115,5.433333333333334,0.0,0.004380176206373162,-0.004380176206373162
8,6195.053268536115,5.5,0.0,0.0040976854367313865,-0.0040976854367313865
8,6195.053268536115,5.566666666666666,0.0,0.003833413348524548,-0.003833413348524548
8,6195.053268536115,5.633333333333333,0.0,0.003586184964058159,-0.003586184964058159
8,6195.053268536115,5.7,0.0,0.0033549010834917664,-0.0033549010834917664
8,6195.053268536115,5.766666666666667,0.0,0.003138533397696691,-0.003138533397696691
8,6195.053268536115,5.833333333333333,0.0,0.0029361199163002714,-0.0029361199163002714
8,6195.053268536115,5.9,0.0,0.002746760690589351,-0.002746760690589351
8,6195.053268536115,5.966666666666667,0.0,0.0025696138122566084,-0.0025696138122566084
9,10740.404740976943,0.03333333333333333,0.0,0.9697991161959337,-0.9697991161959337
9,10740.404740976943,0.1,0.0,0.9072538472787854,-0.9072538472787854
9,10740.404740976943,0.16666666666666669,0.0,0.8487423113261123,-0.8487423113261123
9,10740.404740976943,0.23333333333333334,2.015625,0.7940043607374581,1.221620639262542
9,10740.404740976943,0.3,0.0,0.7427966256154565,-0.7427966256154565
9,10740.404740976943,0.3666666666666667,0.0,0.694891431721175,-0.694891431721175
9,10740.404740976943,0.43333333333333335,2.2265625,0.6500757882137806,1.5764867117862194
9,10740.404740976943,0.5,0.0,0.6081504406739263,-0.6081504406739263
9,10740.404740976943,0.5666666666666667,0.0,0.5689289852005146,-0.5689289852005146
9,10740.404740976943,0.6333333333333333,3.28125,0.5322370396420313,2.7490129603579687
9,10740.404740976943,0.7,0.0,0.4979114682776703,-0.4979114682776703
9,10740.404740976943,0.7666666666666666,0.0,0.4657996565011093,-0.4657996565011093
9,10740.404740976943,0.8333333333333334,0.9140625,0.4357588322821159,0.4783036677178841
9,10740.404740976943,0.9,0.4453125,0.4076554313891406,0.03765706861085938
9,10740.404740976943,0.9666666666666667,0.0,0.38136450355061846,-0.38136450355061846
9,10740.404740976943,1.0333333333333332,0.5625,0.35676915691471883,0.20573084308528117
9,10740.404740976943,1.1,0.7734375,0.3337600383375607,0.4396774616624393
9,10740.404740976943,1.1666666666666665,0.0,0.3122348471892086,-0.3122348471892086
9,10740.404740976943,1.2333333333333334,0.140625,0.29209788051578434,-0.15147288051578434
9,10740.404740976943,1.2999999999999998,1.4296875000000002,0.2732596075354472,1.156427892464553
9,10740.404740976943,1.3666666666666667,0.0,0.2556362715764093,-0.2556362715764093
9,10740.404740976943,1.4333333333333331,0.0234375,0.23914951768717055,-0.21571201768717055
9,10740.404740976943,1.5,0.5390625,0.2237260442632904,0.3153364557367096
9,10740.404740976943,1.5666666666666667,0.11718749999999961,0.2092972771418011,-0.09210977714180149
9,10740.404740976943,1.6333333333333333,0.0,0.19579906471425323,-0.19579906471425323
9,10740.404740976943,1.7000000000000002,0.35156250000000006,0.18317139270284163,0.16839110729715842
9,10740.404740976943,1.7666666666666666,0.140625,0.17135811733147788,-0.030733117331477877
9,10740.404740976943,1.8333333333333335,0.0,0.16030671570546504,-0.16030671570546504
9,10740.404740976943,1.9,0.28125,0.1499680522899403,0.1312819477100597
9,10740.404740976943,1.9666666666666668,0.2109375,0.14029616044882603,0.07064133955117397
9,10740.404740976943,2.033333333333333,0.0,0.13124803807299337,-0.13124803807299337
9,10740.404740976943,2.0999999999999996,0.14062499999999953,0.12278345638898103,0.0178415436110185
9,10740.404740976943,2.166666666666667,0.23437499999999922,0.1148647810982167,0.11951021890178253
9,10740.404740976943,2.2333333333333334,0.0937500000000003,0.10745680505150948,-0.013706805051509174
9,10740.404740976943,2.3,0.04687499999999985,0.10052659171486797,-0.05365159171486812
9,10740.404740976943,2.3666666666666667,0.2109375000000007,0.09404332873068051,0.11689417126932018
9,10740.404740976943,2.4333333333333336,0.04687499999999985,0.08797819092317623,-0.04110319092317638
9,10740.404740976943,2.5,0.023437500000000076,0.08230421213907665,-0.05886671213907658
9,10740.404740976943,2.5666666666666664,0.14062499999999953,0.0769961653536303,0.06362883464636923
9,10740.404740976943,2.6333333333333333,0.04687500000000015,0.07203045050897056,-0.025155450508970403
9,10740.404740976943,2.7,0.0,0.06738498958611619,-0.06738498958611619
9,10740.404740976943,2.7666666666666666,0.07031250000000024,0.06303912844409452,0.007273371555905711
9,10740.404740976943,2.833333333333333,0.0,0.05897354498975579,-0.05897354498975579
9,10740.404740976943,2.9,0.0,0.05517016326999288,-0.05517016326999288
9,10740.404740976943,2.966666666666667,0.04687499999999985,0.05161207310441313,-0.004737073104413285
9,10740.404740976943,3.033333333333333,0.0937500000000003,0.04828345490114099,0.045466545098859314
9,10740.404740976943,3.0999999999999996,0.023437499999999924,0.0451695093214765,-0.021732009321476578
9,10740.404740976943,3.166666666666667,0.0937499999999997,0.042256391480692004,0.05149360851930769
9,10740.404740976943,3.2333333333333334,0.0,0.039531149392417926,-0.039531149392417926
9,10740.404740976943,3.3,0.04687499999999985,0.036981666382935374,0.009893333617064473
9,10740.404740976943,3.3666666666666667,0.0,0.034596607219344995,-0.034596607219344995
9,10740.404740976943,3.4333333333333336,0.023437499999999924,0.03236536771209253,-0.008927867712092606
9,10740.404740976943,3.5,0.0,0.030278027567779357,-0.030278027567779357
9,10740.404740976943,3.5666666666666664,0.0,0.028325306282637477,-0.028325306282637477
9,10740.404740976943,3.6333333333333333,0.04687500000000015,0.02649852188056732,0.02037647811943283
9,10740.404740976943,3.7,0.023437499999999924,0.024789552312283886,-0.001352052312283962
9,10740.404740976943,3.7666666666666666,0.04687500000000015,0.02319079934394827,0.023684200656051882
9,10740.404740976943,3.833333333333333,0.023437499999999924,0.02169515477473027,0.001742345225269653
9,10740.404740976943,3.9,0.023437500000000076,0.020295968833102217,0.0031415311668978596
9,10740.404740976943,3.966666666666667,0.0,0.018987020611351133,-0.018987020611351133
9,10740.404740976943,4.033333333333333,0.0,0.017762490406858282,-0.017762490406858282
9,10740.404740976943,4.1,0.0,0.016616933847173034,-0.016616933847173034
9,10740.404740976943,4.166666666666666,0.0,0.015545257683838685,-0.015545257683838685
9,10740.404740976943,4.233333333333333,0.0,0.01454269714734751,-0.01454269714734751
9,10740.404740976943,4.3,0.0,0.013604794762542978,-0.013604794762542978
9,10740.404740976943,4.366666666666667,0.0,0.012727380530280517,-0.012727380530280517
9,10740.404740976943,4.433333333333334,0.0,0.011906553387232842,-0.011906553387232842
9,10740.404740976943,4.5,0.0,0.011138663861408195,-0.011138663861408195
9,10740.404740976943,4.566666666666666,0.0,0.01042029784626662,-0.01042029784626662
9,10740.404740976943,4.633333333333333,0.0,0.009748261421292348,-0.009748261421292348
9,10740.404740976943,4.7,0.0,0.009119566651533231,-0.009119566651533231
9,10740.404740976943,4.766666666666667,0.0,0.00853141830297074,-0.00853141830297074
9,10740.404740976943,4.833333333333333,0.0,0.00798120141465572,-0.00798120141465572
9,10740.404740976943,4.9,0.0,0.00746646967235465,-0.00746646967235465
9,10740.404740976943,4.966666666666667,0.0,0.0069849345320145105,-0.0069849345320145105
9,10740.404740976943,5.033333333333333,0.0,0.006534455044688131,-0.006534455044688131
9,10740.404740976943,5.1,0.0,0.006113028337680839,-0.006113028337680839
9,10740.404740976943,5.166666666666666,0.0,0.005718780709596645,-0.005718780709596645
9,10740.404740976943,5.233333333333333,0.0,0.005349959299691729,-0.005349959299691729
9,10740.404740976943,5.3,0.0,0.005004924294496477,-0.005004924294496477
9,10740.404740976943,5.366666666666667,0.0,0.004682141637055892,-0.004682141637055892
9,10740.404740976943,5.433333333333334,0.0,0.004380176206373162,-0.004380176206373162
9,10740.404740976943,5.5,0.0,0.0040976854367313865,-0.0040976854367313865
9,10740.404740976943,5.566666666666666,0.0,0.003833413348524548,-0.003833413348524548
9,10740.404740976943,5.633333333333333,0.0,0.003586184964058159,-0.003586184964058159
9,10740.404740976943,5.7,0.0,0.0033549010834917664,-0.0033549010834917664
9,10740.404740976943,5.766666666666667,0.0,0.003138533397696691,-0.003138533397696691
9,10740.404740976943,5.833333333333333,0.0,0.0029361199163002714,-0.0029361199163002714
9,10740.404740976943,5.9,0.0,0.002746760690589351,-0.002746760690589351
9,10740.404740976943,5.966666666666667,0.0,0.0025696138122566084,-0.0025696138122566084
10,18620.02341566734,0.03333333333333333,0.0,0.9697991161959337,-0.9697991161959337
10,18620.02341566734,0.1,0.0,0.9072538472787854,-0.9072538472787854
10,18620.02341566734,0.16666666666666669,0.48295454545454525,0.8487423113261123,-0.3657877658715671
10,18620.02341566734,0.23333333333333334,1.5482954545454546,0.7940043607374581,0.7542910938079965
10,18620.02341566734,0.3,0.0,0.7427966256154565,-0.7427966256154565
10,18620.02341566734,0.3666666666666667,0.4829545454545451,0.694891431721175,-0.21193688626662988
10,18620.02341566734,0.43333333333333335,1.5056818181818181,0.6500757882137806,0.8556060299680375
10,18620.02341566734,0.5,0.0,0.6081504406739263,-0.6081504406739263
10,18620.02341566734,0.5666666666666667,0.7528409090909091,0.5689289852005146,0.18391192389039446
10,18620.02341566734,0.6333333333333333,2.3863636363636362,0.5322370396420313,1.854126596721605
10,18620.02341566734,0.7,0.0,0.4979114682776703,-0.4979114682776703
10,18620.02341566734,0.7666666666666666,0.2840909090909086,0.4657996565011093,-0.1817087474102007
10,18620.02341566734,0.8333333333333334,0.8522727272727273,0.4357588322821159,0.41651389499061137
10,18620.02341566734,0.9,0.0,0.4076554313891406,-0.4076554313891406
10,18620.02341566734,0.9666666666666667,0.2840909090909091,0.38136450355061846,-0.09727359445970934
10,18620.02341566734,1.0333333333333332,1.0227272727272727,0.35676915691471883,0.6659581158125538
10,18620.02341566734,1.1,0.0,0.3337600383375607,-0.3337600383375607
10,18620.02341566734,1.1666666666666665,0.45454545454545453,0.3122348471892086,0.14231060735624596
10,18620.02341566734,1.2333333333333334,1.3210227272727273,0.29209788051578434,1.028924846756943
10,18620.02341566734,1.2999999999999998,0.0,0.2732596075354472,-0.2732596075354472
10,18620.02341566734,1.3666666666666667,0.15625,0.2556362715764093,-0.09938627157640928
10,18620.02341566734,1.4333333333333331,0.6534090909090909,0.23914951768717055,0.4142595732219204
10,18620.02341566734,1.5,0.0,0.2237260442632904,-0.2237260442632904
10,18620.02341566734,1.5666666666666667,0.1420454545454541,0.2092972771418011,-0.06725182259634702
10,18620.02341566734,1.6333333333333333,0.3409090909090909,0.19579906471425323,0.14511002619483765
10,18620.02341566734,1.7000000000000002,0.028409090909090908,0.18317139270284163,-0.15476230179375072
10,18620.02341566734,1.7666666666666666,0.22727272727272727,0.17135811733147788,0.05591460994124939
10,18620.02341566734,1.8333333333333335,0.5823863636363636,0.16030671570546504,0.4220796479308986
10,18620.02341566734,1.9,0.08522727272727272,0.1499680522899403,-0.06474077956266759
10,18620.02341566734,1.9666666666666668,0.056818181818181816,0.14029616044882603,-0.08347797863064421
10,18620.02341566734,2.033333333333333,0.15625000000000053,0.13124803807299337,0.025001961927007155
10,18620.02341566734,2.0999999999999996,0.028409090909090814,0.12278345638898103,-0.09437436547989021
10,18620.02341566734,2.166666666666667,0.04261363636363622,0.1148647810982167,-0.07225114473458047
10,18620.02341566734,2.2333333333333334,0.15625000000000053,0.10745680505150948,0.04879319494849105
10,18620.02341566734,2.3,0.05681818181818163,0.10052659171486797,-0.04370840989668634
10,18620.02341566734,2.3666666666666667,0.07102272727272751,0.09404332873068051,-0.023020601457952997
10,18620.02341566734,2.4333333333333336,0.11363636363636326,0.08797819092317623,0.02565817271318703
10,18620.02341566734,2.5,0.07102272727272751,0.08230421213907665,-0.01128148486634914
10,18620.02341566734,2.5666666666666664,0.014204545454545407,0.0769961653536303,-0.06279161989908488
10,18620.02341566734,2.6333333333333333,0.014204545454545501,0.07203045050897056,-0.05782590505442506
10,18620.02341566734,2.7,0.05681818181818163,0.06738498958611619,-0.01056680776793456
10,18620.02341566734,2.7666666666666666,0.028409090909091002,0.06303912844409452,-0.03463003753500352
10,18620.02341566734,2.833333333333333,0.05681818181818163,0.05897354498975579,-0.002155363171574158
10,18620.02341566734,2.9,0.056818181818182004,0.05517016326999288,0.0016480185481891202
10,18620.02341566734,2.966666666666667,0.04261363636363622,0.05161207310441313,-0.00899843674077691
10,18620.02341566734,3.033333333333333,0.08522727272727303,0.04828345490114099,0.036943817826132035
10,18620.02341566734,3.0999999999999996,0.05681818181818163,0.0451695093214765,0.011648672496705127
10,18620.02341566734,3.166666666666667,0.014204545454545407,0.042256391480692004,-0.028051846026146597
10,18620.02341566734,3.2333333333333334,0.0,0.039531149392417926,-0.039531149392417926
10,18620.02341566734,3.3,0.0,0.036981666382935374,-0.036981666382935374
10,18620.02341566734,3.3666666666666667,0.0,0.034596607219344995,-0.034596607219344995
10,18620.02341566734,3.4333333333333336,0.04261363636363622,0.03236536771209253,0.010248268651543692
10,18620.02341566734,3.5,0.014204545454545501,0.030278027567779357,-0.016073482113233856
10,18620.02341566734,3.5666666666666664,0.05681818181818163,0.028325306282637477,0.02849287553554415
10,18620.02341566734,3.6333333333333333,0.014204545454545501,0.02649852188056732,-0.01229397642602182
10,18620.02341566734,3.7,0.014204545454545407,0.024789552312283886,-0.010585006857738478
10,18620.02341566734,3.7666666666666666,0.0,0.02319079934394827,-0.02319079934394827
10,18620.02341566734,3.833333333333333,0.0,0.02169515477473027,-0.02169515477473027
10,18620.02341566734,3.9,0.0,0.020295968833102217,-0.020295968833102217
10,18620.02341566734,3.966666666666667,0.014204545454545407,0.018987020611351133,-0.004782475156805726
10,18620.02341566734,4.033333333333333,0.028409090909091002,0.017762490406858282,0.01064660050223272
10,18620.02341566734,4.1,0.0,0.016616933847173034,-0.016616933847173034
10,18620.02341566734,4.166666666666666,0.0,0.015545257683838685,-0.015545257683838685
10,18620.02341566734,4.233333333333333,0.0,0.01454269714734751,-0.01454269714734751
10,18620.02341566734,4.3,0.0,0.013604794762542978,-0.013604794762542978
10,18620.02341566734,4.366666666666667,0.014204545454545314,0.012727380530280517,0.0014771649242647962
10,18620.02341566734,4.433333333333334,0.0,0.011906553387232842,-0.011906553387232842
10,18620.02341566734,4.5,0.0,0.011138663861408195,-0.011138663861408195
10,18620.02341566734,4.566666666666666,0.014204545454545501,0.01042029784626662,0.0037842476082788814
10,18620.02341566734,4.633333333333333,0.0,0.009748261421292348,-0.009748261421292348
10,18620.02341566734,4.7,0.0,0.009119566651533231,-0.009119566651533231
10,18620.02341566734,4.766666666666667,0.0,0.00853141830297074,-0.00853141830297074
10,18620.02341566734,4.833333333333333,0.0,0.00798120141465572,-0.00798120141465572
10,18620.02341566734,4.9,0.0,0.00746646967235465,-0.00746646967235465
10,18620.02341566734,4.966666666666667,0.0,0.0069849345320145105,-0.0069849345320145105
10,18620.02341566734,5.033333333333333,0.0,0.006534455044688131,-0.006534455044688131
10,18620.02341566734,5.1,0.0,0.006113028337680839,-0.006113028337680839
10,18620.02341566734,5.166666666666666,0.0,0.005718780709596645,-0.005718780709596645
10,18620.02341566734,5.233333333333333,0.014204545454545501,0.005349959299691729,0.008854586154853772
10,18620.02341566734,5.3,0.0,0.005004924294496477,-0.005004924294496477
10,18620.02341566734,5.366666666666667,0.0,0.004682141637055892,-0.004682141637055892
10,18620.02341566734,5.433333333333334,0.0,0.004380176206373162,-0.004380176206373162
10,18620.02341566734,5.5,0.0,0.0040976854367313865,-0.0040976854367313865
10,18620.02341566734,5.566666666666666,0.0,0.003833413348524548,-0.003833413348524548
10,18620.02341566734,5.633333333333333,0.0,0.003586184964058159,-0.003586184964058159
10,18620.02341566734,5.7,0.0,0.0033549010834917664,-0.0033549010834917664
10,18620.02341566734,5.766666666666667,0.0,0.003138533397696691,-0.003138533397696691
10,18620.02341566734,5.833333333333333,0.0,0.0029361199163002714,-0.0029361199163002714
10,18620.02341566734,5.9,0.0,0.002746760690589351,-0.002746760690589351
10,18620.02341566734,5.966666666666667,0.0,0.0025696138122566084,-0.0025696138122566084
11,32279.32025306605,0.03333333333333333,0.0,0.9697991161959337,-0.9697991161959337
11,32279.32025306605,0.1,0.0,0.9072538472787854,-0.9072538472787854
11,32279.32025306605,0.16666666666666669,1.8413433700057906,0.8487423113261123,0.9926010586796783
11,32279.32025306605,0.23333333333333334,0.0,0.7940043607374581,-0.7940043607374581
11,32279.32025306605,0.3,0.0,0.7427966256154565,-0.7427966256154565
11,32279.32025306605,0.3666666666666667,1.8066010422698315,0.694891431721175,1.1117096105486566
11,32279.32025306605,0.43333333333333335,0.0,0.6500757882137806,-0.6500757882137806
11,32279.32025306605,0.5,0.0,0.6081504406739263,-0.6081504406739263
11,32279.32025306605,0.5666666666666667,3.135495078170239,0.5689289852005146,2.5665660929697243
11,32279.32025306605,0.6333333333333333,0.0,0.5322370396420313,-0.5322370396420313
11,32279.32025306605,0.7,0.0,0.4979114682776703,-0.4979114682776703
11,32279.32025306605,0.7666666666666666,1.2246670526925287,0.4657996565011093,0.7588673961914194
11,32279.32025306605,0.8333333333333334,0.0,0.4357588322821159,-0.4357588322821159
11,32279.32025306605,0.9,0.0,0.4076554313891406,-0.4076554313891406
11,32279.32025306605,0.9666666666666667,1.4504921829762598,0.38136450355061846,1.0691276794256415
11,32279.32025306605,1.0333333333333332,0.0,0.35676915691471883,-0.35676915691471883
11,32279.32025306605,1.1,0.28662420382165615,0.3337600383375607,-0.04713583451590453
11,32279.32025306605,1.1666666666666665,1.3375796178343955,0.3122348471892086,1.0253447706451868
11,32279.32025306605,1.2333333333333334,0.0,0.29209788051578434,-0.29209788051578434
11,32279.32025306605,1.2999999999999998,0.22582513028372914,0.2732596075354472,-0.047434477251718066
11,32279.32025306605,1.3666666666666667,0.4516502605674583,0.2556362715764093,0.196013988991049
11,32279.32025306605,1.4333333333333331,0.0,0.23914951768717055,-0.23914951768717055
11,32279.32025306605,1.5,0.2779386218876666,0.2237260442632904,0.0542125776243762
11,32279.32025306605,1.5666666666666667,0.31268094962362386,0.2092972771418011,0.10338367248182276
11,32279.32025306605,1.6333333333333333,0.0,0.19579906471425323,-0.19579906471425323
11,32279.32025306605,1.7000000000000002,0.46902142443543743,0.18317139270284163,0.2858500317325958
11,32279.32025306605,1.7666666666666666,0.4082223508975103,0.17135811733147788,0.23686423356603242
11,32279.32025306605,1.8333333333333335,0.0,0.16030671570546504,-0.16030671570546504
11,32279.32025306605,1.9,0.23451071221771871,0.1499680522899403,0.0845426599277784
11,32279.32025306605,1.9666666666666668,0.15634047481181246,0.14029616044882603,0.016044314362986423
11,32279.32025306605,2.033333333333333,0.0,0.13124803807299337,-0.13124803807299337
11,32279.32025306605,2.0999999999999996,0.24319629415170746,0.12278345638898103,0.12041283776272643
11,32279.32025306605,2.166666666666667,0.13028372900984328,0.1148647810982167,0.015418947911626582
11,32279.32025306605,2.2333333333333334,0.07817023740590649,0.10745680505150948,-0.029286567645602987
11,32279.32025306605,2.3,0.09554140127388508,0.10052659171486797,-0.0049851904409828895
11,32279.32025306605,2.3666666666666667,0.034742327735958436,0.09404332873068051,-0.059301000994722075
11,32279.32025306605,2.4333333333333336,0.03474232773595821,0.08797819092317623,-0.05323586318721802
11,32279.32025306605,2.5,0.09554140127388572,0.08230421213907665,0.013237189134809063
11,32279.32025306605,2.5666666666666664,0.017371163867979104,0.0769961653536303,-0.0596250014856512
11,32279.32025306605,2.6333333333333333,0.034742327735958436,0.07203045050897056,-0.03728812277301212
11,32279.32025306605,2.7,0.03474232773595821,0.06738498958611619,-0.03264266185015798
11,32279.32025306605,2.7666666666666666,0.026056745801968834,0.06303912844409452,-0.036982382642125694
11,32279.32025306605,2.833333333333333,0.09554140127388508,0.05897354498975579,0.03656785628412929
11,32279.32025306605,2.9,0.10422698320787534,0.05517016326999288,0.049056819937882454
11,32279.32025306605,2.966666666666667,0.052113491603937315,0.05161207310441313,0.0005014184995241824
11,32279.32025306605,3.033333333333333,0.026056745801968834,0.04828345490114099,-0.022226709099172157
11,32279.32025306605,3.0999999999999996,0.026056745801968657,0.0451695093214765,-0.019112763519507844
11,32279.32025306605,3.166666666666667,0.008685581933989552,0.042256391480692004,-0.033570809546702454
11,32279.32025306605,3.2333333333333334,0.017371163867979218,0.039531149392417926,-0.022159985524438708
11,32279.32025306605,3.3,0.017371163867979104,0.036981666382935374,-0.01961050251495627
11,32279.32025306605,3.3666666666666667,0.008685581933989609,0.034596607219344995,-0.025911025285355386
11,32279.32025306605,3.4333333333333336,0.0,0.03236536771209253,-0.03236536771209253
11,32279.32025306605,3.5,0.034742327735958436,0.030278027567779357,0.004464300168179079
11,32279.32025306605,3.5666666666666664,0.017371163867979104,0.028325306282637477,-0.010954142414658374
11,32279.32025306605,3.6333333333333333,0.0,0.02649852188056732,-0.02649852188056732
11,32279.32025306605,3.7,0.008685581933989552,0.024789552312283886,-0.016103970378294336
11,32279.32025306605,3.7666666666666666,0.008685581933989609,0.02319079934394827,-0.014505217409958662
11,32279.32025306605,3.833333333333333,0.008685581933989552,0.02169515477473027,-0.013009572840740719
11,32279.32025306605,3.9,0.0,0.020295968833102217,-0.020295968833102217
11,32279.32025306605,3.966666666666667,0.026056745801968657,0.018987020611351133,0.007069725190617524
11,32279.32025306605,4.033333333333333,0.008685581933989609,0.017762490406858282,-0.009076908472868673
11,32279.32025306605,4.1,0.0,0.016616933847173034,-0.016616933847173034
11,32279.32025306605,4.166666666666666,0.01737116386797899,0.015545257683838685,0.001825906184140304
11,32279.32025306605,4.233333333333333,0.0,0.01454269714734751,-0.01454269714734751
11,32279.32025306605,4.3,0.0,0.013604794762542978,-0.013604794762542978
11,32279.32025306605,4.366666666666667,0.0,0.012727380530280517,-0.012727380530280517
11,32279.32025306605,4.433333333333334,0.0,0.011906553387232842,-0.011906553387232842
11,32279.32025306605,4.5,0.0,0.011138663861408195,-0.011138663861408195
11,32279.32025306605,4.566666666666666,0.0,0.01042029784626662,-0.01042029784626662
11,32279.32025306605,4.633333333333333,0.0,0.009748261421292348,-0.009748261421292348
11,32279.32025306605,4.7,0.008685581933989609,0.009119566651533231,-0.00043398471754362185
11,32279.32025306605,4.766666666666667,0.0,0.00853141830297074,-0.00853141830297074
11,32279.32025306605,4.833333333333333,0.008685581933989609,0.00798120141465572,0.0007043805193338894
11,32279.32025306605,4.9,0.0,0.00746646967235465,-0.00746646967235465
11,32279.32025306605,4.966666666666667,0.008685581933989609,0.0069849345320145105,0.0017006474019750986
11,32279.32025306605,5.033333333333333,0.0,0.006534455044688131,-0.006534455044688131
11,32279.32025306605,5.1,0.026056745801968834,0.006113028337680839,0.019943717464287997
11,32279.32025306605,5.166666666666666,0.008685581933989495,0.005718780709596645,0.0029668012243928496
11,32279.32025306605,5.233333333333333,0.0,0.005349959299691729,-0.005349959299691729
11,32279.32025306605,5.3,0.0,0.005004924294496477,-0.005004924294496477
11,32279.32025306605,5.366666666666667,0.0,0.004682141637055892,-0.004682141637055892
11,32279.32025306605,5.433333333333334,0.0,0.004380176206373162,-0.004380176206373162
11,32279.32025306605,5.5,0.0,0.0040976854367313865,-0.0040976854367313865
11,32279.32025306605,5.566666666666666,0.0,0.003833413348524548,-0.003833413348524548
11,32279.32025306605,5.633333333333333,0.0,0.003586184964058159,-0.003586184964058159
11,32279.32025306605,5.7,0.0,0.0033549010834917664,-0.0033549010834917664
11,32279.32025306605,5.766666666666667,0.0,0.003138533397696691,-0.003138533397696691
11,32279.32025306605,5.833333333333333,0.0,0.0029361199163002714,-0.0029361199163002714
11,32279.32025306605,5.9,0.0,0.002746760690589351,-0.002746760690589351
11,32279.32025306605,5.966666666666667,0.008685581933989609,0.0025696138122566084,0.006115968121733001
12,55959.57183538845,0.03333333333333333,0.0,0.9697991161959337,-0.9697991161959337
12,55959.57183538845,0.1,0.0,0.9072538472787854,-0.9072538472787854
12,55959.57183538845,0.16666666666666669,1.7450495049504948,0.8487423113261123,0.8963071936243825
12,55959.57183538845,0.23333333333333334,0.0,0.7940043607374581,-0.7940043607374581
12,55959.57183538845,0.3,0.0,0.7427966256154565,-0.7427966256154565
12,55959.57183538845,0.3666666666666667,1.7397454031117388,0.694891431721175,1.0448539713905638
12,55959.57183538845,0.43333333333333335,0.0,0.6500757882137806,-0.6500757882137806
12,55959.57183538845,0.5,0.0,0.6081504406739263,-0.6081504406739263
12,55959.57183538845,0.5666666666666667,2.8589108910891095,0.5689289852005146,2.289981905888595
12,55959.57183538845,0.6333333333333333,0.0,0.5322370396420313,-0.5322370396420313
12,55959.57183538845,0.7,0.7956152758132958,0.4979114682776703,0.29770380753562553
12,55959.57183538845,0.7666666666666666,0.4455445544554449,0.4657996565011093,-0.02025510204566444
12,55959.57183538845,0.8333333333333334,0.0,0.4357588322821159,-0.4357588322821159
12,55959.57183538845,0.9,1.336633663366337,0.4076554313891406,0.9289782319771963
12,55959.57183538845,0.9666666666666667,0.11669024045261671,0.38136450355061846,-0.26467426309800174
12,55959.57183538845,1.0333333333333332,0.0,0.35676915691471883,-0.35676915691471883
12,55959.57183538845,1.1,1.4957567185289962,0.3337600383375607,1.1619966801914354
12,55959.57183538845,1.1666666666666665,0.0,0.3122348471892086,-0.3122348471892086
12,55959.57183538845,1.2333333333333334,0.2545968882602546,0.29209788051578434,-0.03750099225552972
12,55959.57183538845,1.2999999999999998,0.5569306930693071,0.2732596075354472,0.2836710855338599
12,55959.57183538845,1.3666666666666667,0.0,0.2556362715764093,-0.2556362715764093
12,55959.57183538845,1.4333333333333331,0.36067892503536075,0.23914951768717055,0.1215294073481902
12,55959.57183538845,1.5,0.190947666195191,0.2237260442632904,-0.03277837806809941
12,55959.57183538845,1.5666666666666667,0.0,0.2092972771418011,-0.2092972771418011
12,55959.57183538845,1.6333333333333333,0.7160537482319662,0.19579906471425323,0.520254683517713
12,55959.57183538845,1.7000000000000002,0.19625176803394628,0.18317139270284163,0.013080375331104649
12,55959.57183538845,1.7666666666666666,0.11669024045261671,0.17135811733147788,-0.05466787687886117
12,55959.57183538845,1.8333333333333335,0.26520509193776526,0.16030671570546504,0.10489837623230022
12,55959.57183538845,1.9,0.026520509193776527,0.1499680522899403,-0.12344754309616379
12,55959.57183538845,1.9666666666666668,0.18033946251768038,0.14029616044882603,0.04004330206885434
12,55959.57183538845,2.033333333333333,0.24398868458274486,0.13124803807299337,0.11274064650975149
12,55959.57183538845,2.0999999999999996,0.0,0.12278345638898103,-0.12278345638898103
12,55959.57183538845,2.166666666666667,0.18033946251767977,0.1148647810982167,0.06547468141946307
12,55959.57183538845,2.2333333333333334,0.16973125884017035,0.10745680505150948,0.062274453788660866
12,55959.57183538845,2.3,0.0,0.10052659171486797,-0.10052659171486797
12,55959.57183538845,2.3666666666666667,0.10077793493635114,0.09404332873068051,0.0067346062056706235
12,55959.57183538845,2.4333333333333336,0.03182461103253172,0.08797819092317623,-0.056153579890644505
12,55959.57183538845,2.5,0.058345120226308556,0.08230421213907665,-0.0239590919127681
12,55959.57183538845,2.5666666666666664,0.09016973125883988,0.0769961653536303,0.013173565905209586
12,55959.57183538845,2.6333333333333333,0.03182461103253194,0.07203045050897056,-0.04020583947643862
12,55959.57183538845,2.7,0.1750353606789245,0.06738498958611619,0.10765037109280831
12,55959.57183538845,2.7666666666666666,0.0901697312588405,0.06303912844409452,0.02713060281474597
12,55959.57183538845,2.833333333333333,0.02121640735502115,0.05897354498975579,-0.037757137634734636
12,55959.57183538845,2.9,0.042432814710042586,0.05517016326999288,-0.012737348559950297
12,55959.57183538845,2.966666666666667,0.03182461103253172,0.05161207310441313,-0.01978746207188141
12,55959.57183538845,3.033333333333333,0.005304101838755323,0.04828345490114099,-0.04297935306238567
12,55959.57183538845,3.0999999999999996,0.02652050919377644,0.0451695093214765,-0.01864900012770006
12,55959.57183538845,3.166666666666667,0.010608203677510575,0.042256391480692004,-0.03164818780318143
12,55959.57183538845,3.2333333333333334,0.04773691654879791,0.039531149392417926,0.008205767156379981
12,55959.57183538845,3.3,0.02121640735502115,0.036981666382935374,-0.015765259027914223
12,55959.57183538845,3.3666666666666667,0.042432814710042586,0.034596607219344995,0.007836207490697591
12,55959.57183538845,3.4333333333333336,0.02121640735502115,0.03236536771209253,-0.011148960357071379
12,55959.57183538845,3.5,0.01591230551626597,0.030278027567779357,-0.014365722051513388
12,55959.57183538845,3.5666666666666664,0.01591230551626586,0.028325306282637477,-0.012413000766371616
12,55959.57183538845,3.6333333333333333,0.03182461103253194,0.02649852188056732,0.005326089151964617
12,55959.57183538845,3.7,0.01591230551626586,0.024789552312283886,-0.008877246796018024
12,55959.57183538845,3.7666666666666666,0.005304101838755323,0.02319079934394827,-0.017886697505192947
12,55959.57183538845,3.833333333333333,0.01591230551626586,0.02169515477473027,-0.005782849258464409
12,55959.57183538845,3.9,0.005304101838755323,0.020295968833102217,-0.014991866994346893
12,55959.57183538845,3.966666666666667,0.0,0.018987020611351133,-0.018987020611351133
12,55959.57183538845,4.033333333333333,0.0,0.017762490406858282,-0.017762490406858282
12,55959.57183538845,4.1,0.0,0.016616933847173034,-0.016616933847173034
12,55959.57183538845,4.166666666666666,0.0,0.015545257683838685,-0.015545257683838685
12,55959.57183538845,4.233333333333333,0.0,0.01454269714734751,-0.01454269714734751
12,55959.57183538845,4.3,0.005304101838755323,0.013604794762542978,-0.008300692923787656
12,55959.57183538845,4.366666666666667,0.0,0.012727380530280517,-0.012727380530280517
12,55959.57183538845,4.433333333333334,0.0,0.011906553387232842,-0.011906553387232842
12,55959.57183538845,4.5,0.005304101838755323,0.011138663861408195,-0.0058345620226528715
12,55959.57183538845,4.566666666666666,0.005304101838755323,0.01042029784626662,-0.005116196007511296
12,55959.57183538845,4.633333333333333,0.005304101838755252,0.009748261421292348,-0.004444159582537095
12,55959.57183538845,4.7,0.005304101838755323,0.009119566651533231,-0.0038154648127779077
12,55959.57183538845,4.766666666666667,0.0,0.00853141830297074,-0.00853141830297074
12,55959.57183538845,4.833333333333333,0.010608203677510647,0.00798120141465572,0.002627002262854927
12,55959.57183538845,4.9,0.0,0.00746646967235465,-0.00746646967235465
12,55959.57183538845,4.966666666666667,0.0,0.0069849345320145105,-0.0069849345320145105
12,55959.57183538845,5.033333333333333,0.0,0.006534455044688131,-0.006534455044688131
12,55959.57183538845,5.1,0.0,0.006113028337680839,-0.006113028337680839
12,55959.57183538845,5.166666666666666,0.0,0.005718780709596645,-0.005718780709596645
12,55959.57183538845,5.233333333333333,0.0,0.005349959299691729,-0.005349959299691729
12,55959.57183538845,5.3,0.005304101838755323,0.005004924294496477,0.0002991775442588466
12,55959.57183538845,5.366666666666667,0.0,0.004682141637055892,-0.004682141637055892
12,55959.57183538845,5.433333333333334,0.005304101838755323,0.004380176206373162,0.0009239256323821613
12,55959.57183538845,5.5,0.0,0.0040976854367313865,-0.0040976854367313865
12,55959.57183538845,5.566666666666666,0.0,0.003833413348524548,-0.003833413348524548
12,55959.57183538845,5.633333333333333,0.005304101838755252,0.003586184964058159,0.0017179168746970933
12,55959.57183538845,5.7,0.0,0.0033549010834917664,-0.0033549010834917664
12,55959.57183538845,5.766666666666667,0.0,0.003138533397696691,-0.003138533397696691
12,55959.57183538845,5.833333333333333,0.0,0.0029361199163002714,-0.0029361199163002714
12,55959.57183538845,5.9,0.0,0.002746760690589351,-0.002746760690589351
12,55959.57183538845,5.966666666666667,0.0,0.0025696138122566084,-0.0025696138122566084
13,97011.44303637587,0.03333333333333333,0.0,0.9697991161959337,-0.9697991161959337
13,97011.44303637587,0.1,0.0,0.9072538472787854,-0.9072538472787854
13,97011.44303637587,0.16666666666666669,1.7462686567164183,0.8487423113261123,0.897526345390306
13,97011.44303637587,0.23333333333333334,0.0,0.7940043607374581,-0.7940043607374581
13,97011.44303637587,0.3,0.0,0.7427966256154565,-0.7427966256154565
13,97011.44303637587,0.3666666666666667,1.7494669509594878,0.694891431721175,1.0545755192383128
13,97011.44303637587,0.43333333333333335,0.0,0.6500757882137806,-0.6500757882137806
13,97011.44303637587,0.5,2.5458422174840103,0.6081504406739263,1.9376917768100839
13,97011.44303637587,0.5666666666666667,0.17590618336887007,0.5689289852005146,-0.3930228018316445
13,97011.44303637587,0.6333333333333333,0.0,0.5322370396420313,-0.5322370396420313
13,97011.44303637587,0.7,1.1130063965884869,0.4979114682776703,0.6150949283108166
13,97011.44303637587,0.7666666666666666,0.0,0.4657996565011093,-0.4657996565011093
13,97011.44303637587,0.8333333333333334,0.6876332622601284,0.4357588322821159,0.2518744299780125
13,97011.44303637587,0.9,0.7995735607675911,0.4076554313891406,0.3919181293784505
13,97011.44303637587,0.9666666666666667,0.0,0.38136450355061846,-0.38136450355061846
13,97011.44303637587,1.0333333333333332,1.394456289978679,0.35676915691471883,1.03768713306396
13,97011.44303637587,1.1,0.08955223880597021,0.3337600383375607,-0.24420779953159047
13,97011.44303637587,1.1666666666666665,0.15991471215351824,0.3122348471892086,-0.15232013503569033
13,97011.44303637587,1.2333333333333334,0.6812366737739878,0.29209788051578434,0.38913879325820344
13,97011.44303637587,1.2999999999999998,0.0,0.2732596075354472,-0.2732596075354472
13,97011.44303637587,1.3666666666666667,0.3262260127931772,0.2556362715764093,0.07058974121676792
13,97011.44303637587,1.4333333333333331,0.1886993603411515,0.23914951768717055,-0.05045015734601904
13,97011.44303637587,1.5,0.028784648187633283,0.2237260442632904,-0.1949413960756571
13,97011.44303637587,1.5666666666666667,0.7675906183368849,0.2092972771418011,0.5582933411950838
13,97011.44303637587,1.6333333333333333,0.06076759061833693,0.19579906471425323,-0.13503147409591632
13,97011.44303637587,1.7000000000000002,0.1982942430703626,0.18317139270284163,0.015122850367520979
13,97011.44303637587,1.7666666666666666,0.24626865671641807,0.17135811733147788,0.07491053938494019
13,97011.44303637587,1.8333333333333335,0.0,0.16030671570546504,-0.16030671570546504
13,97011.44303637587,1.9,0.2622601279317699,0.1499680522899403,0.11229207564182958
13,97011.44303637587,1.9666666666666668,0.09594882729211095,0.14029616044882603,-0.04434733315671509
13,97011.44303637587,2.033333333333333,0.14072494669509653,0.13124803807299337,0.009476908622103153
13,97011.44303637587,2.0999999999999996,0.2878464818763319,0.12278345638898103,0.16506302548735086
13,97011.44303637587,2.166666666666667,0.035181236673773895,0.1148647810982167,-0.07968354442444281
13,97011.44303637587,2.2333333333333334,0.11513859275053352,0.10745680505150948,0.0076817876990240425
13,97011.44303637587,2.3,0.07995735607675884,0.10052659171486797,-0.020569235638109126
13,97011.44303637587,2.3666666666666667,0.04157782515991488,0.09404332873068051,-0.05246550357076563
13,97011.44303637587,2.4333333333333336,0.10234541577825132,0.08797819092317623,0.014367224855075092
13,97011.44303637587,2.5,0.04157782515991488,0.08230421213907665,-0.040726386979161776
13,97011.44303637587,2.5666666666666664,0.1375266524520252,0.0769961653536303,0.0605304870983949
13,97011.44303637587,2.6333333333333333,0.10874200426439275,0.07203045050897056,0.03671155375542219
13,97011.44303637587,2.7,0.028784648187633186,0.06738498958611619,-0.03860034139848301
13,97011.44303637587,2.7666666666666666,0.03198294243070375,0.06303912844409452,-0.031056186013390774
13,97011.44303637587,2.833333333333333,0.01918976545842212,0.05897354498975579,-0.03978377953133366
13,97011.44303637587,2.9,0.022388059701492626,0.05517016326999288,-0.032782103568500254
13,97011.44303637587,2.966666666666667,0.05117270788912566,0.05161207310441313,-0.00043936521528747247
13,97011.44303637587,3.033333333333333,0.015991471215351875,0.04828345490114099,-0.032291983685789116
13,97011.44303637587,3.0999999999999996,0.05437100213219601,0.0451695093214765,0.009201492810719511
13,97011.44303637587,3.166666666666667,0.05437100213219601,0.042256391480692004,0.012114610651504008
13,97011.44303637587,3.2333333333333334,0.015991471215351875,0.039531149392417926,-0.02353967817706605
13,97011.44303637587,3.3,0.028784648187633186,0.036981666382935374,-0.008197018195302188
13,97011.44303637587,3.3666666666666667,0.0127931769722815,0.034596607219344995,-0.021803430247063493
13,97011.44303637587,3.4333333333333336,0.01918976545842212,0.03236536771209253,-0.013175602253670409
13,97011.44303637587,3.5,0.03198294243070375,0.030278027567779357,0.0017049148629243935
13,97011.44303637587,3.5666666666666664,0.03198294243070354,0.028325306282637477,0.003657636148066065
13,97011.44303637587,3.6333333333333333,0.019189765458422253,0.02649852188056732,-0.0073087564221450685
13,97011.44303637587,3.7,0.022388059701492477,0.024789552312283886,-0.0024014926107914086
13,97011.44303637587,3.7666666666666666,0.0127931769722815,0.02319079934394827,-0.01039762237166677
13,97011.44303637587,3.833333333333333,0.0031982942430703537,0.02169515477473027,-0.018496860531659918
13,97011.44303637587,3.9,0.00639658848614075,0.020295968833102217,-0.013899380346961466
13,97011.44303637587,3.966666666666667,0.01599147121535177,0.018987020611351133,-0.002995549395999362
13,97011.44303637587,4.033333333333333,0.009594882729211126,0.017762490406858282,-0.008167607677647156
13,97011.44303637587,4.1,0.00639658848614075,0.016616933847173034,-0.010220345361032283
13,97011.44303637587,4.166666666666666,0.006396588486140666,0.015545257683838685,-0.00914866919769802
13,97011.44303637587,4.233333333333333,0.003198294243070375,0.01454269714734751,-0.011344402904277134
13,97011.44303637587,4.3,0.003198294243070375,0.013604794762542978,-0.010406500519472603
13,97011.44303637587,4.366666666666667,0.003198294243070333,0.012727380530280517,-0.009529086287210185
13,97011.44303637587,4.433333333333334,0.0,0.011906553387232842,-0.011906553387232842
13,97011.44303637587,4.5,0.003198294243070375,0.011138663861408195,-0.00794036961833782
13,97011.44303637587,4.566666666666666,0.003198294243070375,0.01042029784626662,-0.007222003603196244
13,97011.44303637587,4.633333333333333,0.022388059701492328,0.009748261421292348,0.01263979828019998
13,97011.44303637587,4.7,0.003198294243070375,0.009119566651533231,-0.0059212724084628555
13,97011.44303637587,4.766666666666667,0.003198294243070375,0.00853141830297074,-0.005333124059900364
13,97011.44303637587,4.833333333333333,0.0,0.00798120141465572,-0.00798120141465572
13,97011.44303637587,4.9,0.0,0.00746646967235465,-0.00746646967235465
13,97011.44303637587,4.966666666666667,0.003198294243070375,0.0069849345320145105,-0.0037866402889441355
13,97011.44303637587,5.033333333333333,0.0,0.006534455044688131,-0.006534455044688131
13,97011.44303637587,5.1,0.00639658848614075,0.006113028337680839,0.00028356014845991057
13,97011.44303637587,5.166666666666666,0.009594882729210996,0.005718780709596645,0.003876102019614351
13,97011.44303637587,5.233333333333333,0.0,0.005349959299691729,-0.005349959299691729
13,97011.44303637587,5.3,0.0,0.005004924294496477,-0.005004924294496477
13,97011.44303637587,5.366666666666667,0.0,0.004682141637055892,-0.004682141637055892
13,97011.44303637587,5.433333333333334,0.0,0.004380176206373162,-0.004380176206373162
13,97011.44303637587,5.5,0.003198294243070375,0.0040976854367313865,-0.0008993911936610115
13,97011.44303637587,5.566666666666666,0.0,0.003833413348524548,-0.003833413348524548
13,97011.44303637587,5.633333333333333,0.003198294243070333,0.003586184964058159,-0.000387890720987826
13,97011.44303637587,5.7,0.0,0.0033549010834917664,-0.0033549010834917664
13,97011.44303637587,5.766666666666667,0.0,0.003138533397696691,-0.003138533397696691
13,97011.44303637587,5.833333333333333,0.0,0.0029361199163002714,-0.0029361199163002714
13,97011.44303637587,5.9,0.0,0.002746760690589351,-0.002746760690589351
13,97011.44303637587,5.966666666666667,0.0,0.0025696138122566084,-0.0025696138122566084
14,168178.43575797701,0.03333333333333333,0.0,0.9697991161959337,-0.9697991161959337
14,168178.43575797701,0.1,0.0,0.9072538472787854,-0.9072538472787854
14,168178.43575797701,0.16666666666666669,1.638964051024352,0.8487423113261123,0.7902217396982396
14,168178.43575797701,0.23333333333333334,0.0,0.7940043607374581,-0.7940043607374581
14,168178.43575797701,0.3,1.0166215693853884,0.7427966256154565,0.27382494376993194
14,168178.43575797701,0.3666666666666667,0.6049478160030919,0.694891431721175,-0.08994361571808307
14,168178.43575797701,0.43333333333333335,0.0,0.6500757882137806,-0.6500757882137806
14,168178.43575797701,0.5,2.6923076923076925,0.6081504406739263,2.084157251633766
14,168178.43575797701,0.5666666666666667,0.0,0.5689289852005146,-0.5689289852005146
14,168178.43575797701,0.6333333333333333,0.6977193660610747,0.5322370396420313,0.16548232641904337
14,168178.43575797701,0.7,0.41747197526092,0.4979114682776703,-0.0804394930167503
14,168178.43575797701,0.7666666666666666,0.0,0.4657996565011093,-0.4657996565011093
14,168178.43575797701,0.8333333333333334,1.3993042133745652,0.4357588322821159,0.9635453810924492
14,168178.43575797701,0.9,0.0,0.4076554313891406,-0.4076554313891406
14,168178.43575797701,0.9666666666666667,0.9586393505991496,0.38136450355061846,0.5772748470485312
14,168178.43575797701,1.0333333333333332,0.5875531503672208,0.35676915691471883,0.23078399345250195
14,168178.43575797701,1.1,0.0,0.3337600383375607,-0.3337600383375607
14,168178.43575797701,1.1666666666666665,0.8426749130266719,0.3122348471892086,0.5304400658374633
14,168178.43575797701,1.2333333333333334,0.0,0.29209788051578434,-0.29209788051578434
14,168178.43575797701,1.2999999999999998,0.32276768457672983,0.2732596075354472,0.04950807704128263
14,168178.43575797701,1.3666666666666667,0.2145342095090839,0.2556362715764093,-0.04110206206732539
14,168178.43575797701,1.4333333333333331,0.06957866254348667,0.23914951768717055,-0.16957085514368386
14,168178.43575797701,1.5,0.8523386161577117,0.2237260442632904,0.6286125718944213
14,168178.43575797701,1.5666666666666667,0.0,0.2092972771418011,-0.2092972771418011
14,168178.43575797701,1.6333333333333333,0.25125628140703515,0.19579906471425323,0.05545721669278192
14,168178.43575797701,1.7000000000000002,0.156551990722845,0.18317139270284163,-0.026619401979996626
14,168178.43575797701,1.7666666666666666,0.061847700038654814,0.17135811733147788,-0.10951041729282307
14,168178.43575797701,1.8333333333333335,0.32083494395052187,0.16030671570546504,0.16052822824505683
14,168178.43575797701,1.9,0.015461925009663703,0.1499680522899403,-0.1345061272802766
14,168178.43575797701,1.9666666666666668,0.2783146501739467,0.14029616044882603,0.13801848972512065
14,168178.43575797701,2.033333333333333,0.17587939698492522,0.13124803807299337,0.044631358911931845
14,168178.43575797701,2.0999999999999996,0.07344414379590235,0.12278345638898103,-0.04933931259307868
14,168178.43575797701,2.166666666666667,0.13529184383455697,0.1148647810982167,0.020427062736340276
14,168178.43575797701,2.2333333333333334,0.013529184383455784,0.10745680505150948,-0.0939276206680537
14,168178.43575797701,2.3,0.12369540007730921,0.10052659171486797,0.023168808362441243
14,168178.43575797701,2.3666666666666667,0.09083880943177457,0.09404332873068051,-0.0032045192989059446
14,168178.43575797701,2.4333333333333336,0.11209895632006146,0.08797819092317623,0.024120765396885235
14,168178.43575797701,2.5,0.16814843448009334,0.08230421213907665,0.08584422234101668
14,168178.43575797701,2.5666666666666664,0.04058755315036709,0.0769961653536303,-0.036408612203263205
14,168178.43575797701,2.6333333333333333,0.0444530344027833,0.07203045050897056,-0.027577416106187254
14,168178.43575797701,2.7,0.030923850019327303,0.06738498958611619,-0.03646113956678888
14,168178.43575797701,2.7666666666666666,0.030923850019327508,0.06303912844409452,-0.03211527842476702
14,168178.43575797701,2.833333333333333,0.04638577502899095,0.05897354498975579,-0.012587769960764834
14,168178.43575797701,2.9,0.03865481252415939,0.05517016326999288,-0.01651535074583349
14,168178.43575797701,2.966666666666667,0.06378044066486256,0.05161207310441313,0.01216836756044943
14,168178.43575797701,3.033333333333333,0.04058755315036736,0.04828345490114099,-0.007695901750773629
14,168178.43575797701,3.0999999999999996,0.019327406262079568,0.0451695093214765,-0.025842103059396934
14,168178.43575797701,3.166666666666667,0.03285659064553526,0.042256391480692004,-0.009399800835156742
14,168178.43575797701,3.2333333333333334,0.023192887514495636,0.039531149392417926,-0.01633826187792229
14,168178.43575797701,3.3,0.038654812524159136,0.036981666382935374,0.0016731461412237622
14,168178.43575797701,3.3666666666666667,0.030923850019327508,0.034596607219344995,-0.0036727572000174874
14,168178.43575797701,3.4333333333333336,0.036722071897951174,0.03236536771209253,0.004356704185858644
14,168178.43575797701,3.5,0.019327406262079697,0.030278027567779357,-0.01095062130569966
14,168178.43575797701,3.5666666666666664,0.011596443757247738,0.028325306282637477,-0.01672886252538974
14,168178.43575797701,3.6333333333333333,0.0038654812524159384,0.02649852188056732,-0.02263304062815138
14,168178.43575797701,3.7,0.007730962504831826,0.024789552312283886,-0.01705858980745206
14,168178.43575797701,3.7666666666666666,0.011596443757247818,0.02319079934394827,-0.011594355586700453
14,168178.43575797701,3.833333333333333,0.005798221878623869,0.02169515477473027,-0.0158969328961064
14,168178.43575797701,3.9,0.013529184383455784,0.020295968833102217,-0.006766784449646433
14,168178.43575797701,3.966666666666667,0.01739466563587161,0.018987020611351133,-0.0015923549754795242
14,168178.43575797701,4.033333333333333,0.007730962504831877,0.017762490406858282,-0.010031527902026405
14,168178.43575797701,4.1,0.007730962504831877,0.016616933847173034,-0.008885971342341157
14,168178.43575797701,4.166666666666666,0.005798221878623831,0.015545257683838685,-0.009747035805214854
14,168178.43575797701,4.233333333333333,0.0019327406262079692,0.01454269714734751,-0.01260995652113954
14,168178.43575797701,4.3,0.0038654812524159384,0.013604794762542978,-0.00973931351012704
14,168178.43575797701,4.366666666666667,0.0019327406262079436,0.012727380530280517,-0.010794639904072574
14,168178.43575797701,4.433333333333334,0.0038654812524159384,0.011906553387232842,-0.008041072134816904
14,168178.43575797701,4.5,0.007730962504831877,0.011138663861408195,-0.003407701356576318
14,168178.43575797701,4.566666666666666,0.007730962504831877,0.01042029784626662,-0.0026893353414347426
14,168178.43575797701,4.633333333333333,0.0019327406262079436,0.009748261421292348,-0.007815520795084404
14,168178.43575797701,4.7,0.007730962504831877,0.009119566651533231,-0.001388604146701354
14,168178.43575797701,4.766666666666667,0.0038654812524159384,0.00853141830297074,-0.004665937050554801
14,168178.43575797701,4.833333333333333,0.0019327406262079692,0.00798120141465572,-0.00604846078844775
14,168178.43575797701,4.9,0.0077309625048317746,0.00746646967235465,0.0002644928324771244
14,168178.43575797701,4.966666666666667,0.0038654812524159384,0.0069849345320145105,-0.003119453279598572
14,168178.43575797701,5.033333333333333,0.005798221878623909,0.006534455044688131,-0.0007362331660642216
14,168178.43575797701,5.1,0.0019327406262079692,0.006113028337680839,-0.00418028771147287
14,168178.43575797701,5.166666666666666,0.0,0.005718780709596645,-0.005718780709596645
14,168178.43575797701,5.233333333333333,0.0,0.005349959299691729,-0.005349959299691729
14,168178.43575797701,5.3,0.0,0.005004924294496477,-0.005004924294496477
14,168178.43575797701,5.366666666666667,0.0019327406262079436,0.004682141637055892,-0.0027494010108479487
14,168178.43575797701,5.433333333333334,0.0,0.004380176206373162,-0.004380176206373162
14,168178.43575797701,5.5,0.0019327406262079692,0.0040976854367313865,-0.0021649448105234173
14,168178.43575797701,5.566666666666666,0.0,0.003833413348524548,-0.003833413348524548
14,168178.43575797701,5.633333333333333,0.0,0.003586184964058159,-0.003586184964058159
14,168178.43575797701,5.7,0.0038654812524159384,0.0033549010834917664,0.000510580168924172
14,168178.43575797701,5.766666666666667,0.005798221878623909,0.003138533397696691,0.002659688480927218
14,168178.43575797701,5.833333333333333,0.0019327406262079692,0.0029361199163002714,-0.0010033792900923022
14,168178.43575797701,5.9,0.0,0.002746760690589351,-0.002746760690589351
14,168178.43575797701,5.966666666666667,0.0,0.0025696138122566084,-0.0025696138122566084
15,291553.0795309835,0.03333333333333333,0.0,0.9697991161959337,-0.9697991161959337
15,291553.0795309835,0.1,0.0,0.9072538472787854,-0.9072538472787854
15,291553.0795309835,0.16666666666666669,1.558562762482501,0.8487423113261123,0.7098204511563886
15,291553.0795309835,0.23333333333333334,0.0,0.7940043607374581,-0.7940043607374581
15,291553.0795309835,0.3,1.559729351376575,0.7427966256154565,0.8169327257611186
15,291553.0795309835,0.3666666666666667,0.0,0.694891431721175,-0.694891431721175
15,291553.0795309835,0.43333333333333335,0.00933271115258983,0.6500757882137806,-0.6407430770611908
15,291553.0795309835,0.5,2.5886607559496038,0.6081504406739263,1.9805103152756773
15,291553.0795309835,0.5666666666666667,0.0,0.5689289852005146,-0.5689289852005146
15,291553.0795309835,0.6333333333333333,1.0814279048063464,0.5322370396420313,0.5491908651643151
15,291553.0795309835,0.7,0.0,0.4979114682776703,-0.4979114682776703
15,291553.0795309835,0.7666666666666666,0.9251049930004653,0.4657996565011093,0.459305336499356
15,291553.0795309835,0.8333333333333334,0.42463835744283723,0.4357588322821159,-0.011120474839278693
15,291553.0795309835,0.9,0.0023331777881474575,0.4076554313891406,-0.40532225360099317
15,291553.0795309835,0.9666666666666667,1.5713952403173124,0.38136450355061846,1.190030736766694
15,291553.0795309835,1.0333333333333332,0.0,0.35676915691471883,-0.35676915691471883
15,291553.0795309835,1.1,0.7547830144657024,0.3337600383375607,0.4210229761281417
15,291553.0795309835,1.1666666666666665,0.05366308912739152,0.3122348471892086,-0.25857175806181704
15,291553.0795309835,1.2333333333333334,0.27181521231917877,0.29209788051578434,-0.02028266819660557
15,291553.0795309835,1.2999999999999998,0.2928138124125059,0.2732596075354472,0.019554204877058723
15,291553.0795309835,1.3666666666666667,0.0011665888940737288,0.2556362715764093,-0.25446968268233555
15,291553.0795309835,1.4333333333333331,0.9204386374241719,0.23914951768717055,0.6812891197370013
15,291553.0795309835,1.5,0.0,0.2237260442632904,-0.2237260442632904
15,291553.0795309835,1.5666666666666667,0.31614559029397943,0.2092972771418011,0.10684831315217833
15,291553.0795309835,1.6333333333333333,0.14699020065328983,0.19579906471425323,-0.04880886406096341
15,291553.0795309835,1.7000000000000002,0.12832477834811015,0.18317139270284163,-0.05484661435473148
15,291553.0795309835,1.7666666666666666,0.25431637890807285,0.17135811733147788,0.08295826157659497
15,291553.0795309835,1.8333333333333335,0.0011665888940737288,0.16030671570546504,-0.1591401268113913
15,291553.0795309835,1.9,0.451469902006533,0.1499680522899403,0.30150184971659266
15,291553.0795309835,1.9666666666666668,0.08049463369108728,0.14029616044882603,-0.059801526757738754
15,291553.0795309835,2.033333333333333,0.10615958936070966,0.13124803807299337,-0.025088448712283717
15,291553.0795309835,2.0999999999999996,0.10032664489034032,0.12278345638898103,-0.022456811498640705
15,291553.0795309835,2.166666666666667,0.07349510032664466,0.1148647810982167,-0.041369680771572034
15,291553.0795309835,2.2333333333333334,0.16565562295847003,0.10745680505150948,0.05819881790696055
15,291553.0795309835,2.3,0.015165655622958423,0.10052659171486797,-0.08536093609190955
15,291553.0795309835,2.3666666666666667,0.24965002333177877,0.09404332873068051,0.15560669460109827
15,291553.0795309835,2.4333333333333336,0.09099393373775054,0.08797819092317623,0.0030157428145743126
15,291553.0795309835,2.5,0.0536630891273917,0.08230421213907665,-0.028641123011684956
15,291553.0795309835,2.5666666666666664,0.04783014465702271,0.0769961653536303,-0.029166020696607585
15,291553.0795309835,2.6333333333333333,0.02333177788147465,0.07203045050897056,-0.0486986726274959
15,291553.0795309835,2.7,0.07349510032664466,0.06738498958611619,0.006110110740528474
15,291553.0795309835,2.7666666666666666,0.012832477834811059,0.06303912844409452,-0.05020665060928346
15,291553.0795309835,2.833333333333333,0.09099393373775054,0.05897354498975579,0.03202038874799475
15,291553.0795309835,2.9,0.04783014465702303,0.05517016326999288,-0.007340018612969852
15,291553.0795309835,2.966666666666667,0.029164722351843118,0.05161207310441313,-0.022447350752570015
15,291553.0795309835,3.033333333333333,0.030331311245917043,0.04828345490114099,-0.01795214365522395
15,291553.0795309835,3.0999999999999996,0.022165188987400768,0.0451695093214765,-0.023004320334075734
15,291553.0795309835,3.166666666666667,0.04199720018665409,0.042256391480692004,-0.00025919129403791097
15,291553.0795309835,3.2333333333333334,0.025664955669622118,0.039531149392417926,-0.013866193722795808
15,291553.0795309835,3.3,0.04083061129258037,0.036981666382935374,0.003848944909644998
15,291553.0795309835,3.3666666666666667,0.040830611292580636,0.034596607219344995,0.006234004073235641
15,291553.0795309835,3.4333333333333336,0.015165655622958423,0.03236536771209253,-0.01719971208913411
15,291553.0795309835,3.5,0.018665422305179723,0.030278027567779357,-0.011612605262599635
15,291553.0795309835,3.5666666666666664,0.018665422305179598,0.028325306282637477,-0.00965988397745788
15,291553.0795309835,3.6333333333333333,0.011665888940737326,0.02649852188056732,-0.014832632939829995
15,291553.0795309835,3.7,0.006999533364442348,0.024789552312283886,-0.01779001894784154
15,291553.0795309835,3.7666666666666666,0.017498833411105988,0.02319079934394827,-0.005691965932842283
15,291553.0795309835,3.833333333333333,0.009332711152589799,0.02169515477473027,-0.012362443622140472
15,291553.0795309835,3.9,0.018665422305179723,0.020295968833102217,-0.001630546527922494
15,291553.0795309835,3.966666666666667,0.005832944470368625,0.018987020611351133,-0.013154076140982508
15,291553.0795309835,4.033333333333333,0.008166122258516128,0.017762490406858282,-0.009596368148342154
15,291553.0795309835,4.1,0.005832944470368663,0.016616933847173034,-0.01078398937680437
15,291553.0795309835,4.166666666666666,0.001166588894073717,0.015545257683838685,-0.014378668789764968
15,291553.0795309835,4.233333333333333,0.012832477834811059,0.01454269714734751,-0.0017102193125364505
15,291553.0795309835,4.3,0.011665888940737326,0.013604794762542978,-0.0019389058218056525
15,291553.0795309835,4.366666666666667,0.006999533364442302,0.012727380530280517,-0.005727847165838215
15,291553.0795309835,4.433333333333334,0.0023331777881474653,0.011906553387232842,-0.009573375599085377
15,291553.0795309835,4.5,0.0,0.011138663861408195,-0.011138663861408195
15,291553.0795309835,4.566666666666666,0.004666355576294931,0.01042029784626662,-0.005753942269971689
15,291553.0795309835,4.633333333333333,0.001166588894073717,0.009748261421292348,-0.00858167252721863
15,291553.0795309835,4.7,0.005832944470368663,0.009119566651533231,-0.003286622181164568
15,291553.0795309835,4.766666666666667,0.005832944470368663,0.00853141830297074,-0.0026984738326020765
15,291553.0795309835,4.833333333333333,0.005832944470368663,0.00798120141465572,-0.002148256944287057
15,291553.0795309835,4.9,0.003499766682221151,0.00746646967235465,-0.0039667029901334985
15,291553.0795309835,4.966666666666667,0.003499766682221198,0.0069849345320145105,-0.0034851678497933125
15,291553.0795309835,5.033333333333333,0.0,0.006534455044688131,-0.006534455044688131
15,291553.0795309835,5.1,0.0011665888940737327,0.006113028337680839,-0.004946439443607106
15,291553.0795309835,5.166666666666666,0.003499766682221151,0.005718780709596645,-0.002219014027375494
15,291553.0795309835,5.233333333333333,0.005832944470368663,0.005349959299691729,0.00048298517067693354
15,291553.0795309835,5.3,0.003499766682221198,0.005004924294496477,-0.0015051576122752787
15,291553.0795309835,5.366666666666667,0.001166588894073717,0.004682141637055892,-0.0035155527429821753
15,291553.0795309835,5.433333333333334,0.0011665888940737327,0.004380176206373162,-0.0032135873122994293
15,291553.0795309835,5.5,0.0,0.0040976854367313865,-0.0040976854367313865
15,291553.0795309835,5.566666666666666,0.0011665888940737327,0.003833413348524548,-0.0026668244544508155
15,291553.0795309835,5.633333333333333,0.002333177788147434,0.003586184964058159,-0.0012530071759107248
15,291553.0795309835,5.7,0.0,0.0033549010834917664,-0.0033549010834917664
15,291553.0795309835,5.766666666666667,0.0,0.003138533397696691,-0.003138533397696691
15,291553.0795309835,5.833333333333333,0.0,0.0029361199163002714,-0.0029361199163002714
15,291553.0795309835,5.9,0.0,0.002746760690589351,-0.002746760690589351
15,291553.0795309835,5.966666666666667,0.0011665888940737327,0.0025696138122566084,-0.0014030249181828758
16,505433.80969618564,0.03333333333333333,0.0,0.9697991161959337,-0.9697991161959337
16,505433.80969618564,0.1,0.0,0.9072538472787854,-0.9072538472787854
16,505433.80969618564,0.16666666666666669,1.5083485337449136,0.8487423113261123,0.6596062224188013
16,505433.80969618564,0.23333333333333334,0.0,0.7940043607374581,-0.7940043607374581
16,505433.80969618564,0.3,1.5104532061175815,0.7427966256154565,0.767656580502125
16,505433.80969618564,0.3666666666666667,0.0,0.694891431721175,-0.694891431721175
16,505433.80969618564,0.43333333333333335,2.4870211870352192,0.6500757882137806,1.8369453988214386
16,505433.80969618564,0.5,0.0,0.6081504406739263,-0.6081504406739263
16,505433.80969618564,0.5666666666666667,0.1732846920162762,0.5689289852005146,-0.39564429318423844
16,505433.80969618564,0.6333333333333333,0.8587063280482674,0.5322370396420313,0.3264692884062361
16,505433.80969618564,0.7,0.0,0.4979114682776703,-0.4979114682776703
16,505433.80969618564,0.7666666666666666,1.3245404798652993,0.4657996565011093,0.85874082336419
16,505433.80969618564,0.8333333333333334,0.0,0.4357588322821159,-0.4357588322821159
16,505433.80969618564,0.9,1.5265890276413643,0.4076554313891406,1.1189335962522238
16,505433.80969618564,0.9666666666666667,0.0,0.38136450355061846,-0.38136450355061846
16,505433.80969618564,1.0333333333333332,0.4468921004630281,0.35676915691471883,0.09012294354830924
16,505433.80969618564,1.1,0.3767363547074507,0.3337600383375607,0.04297631636989002
16,505433.80969618564,1.1666666666666665,0.0975164866002526,0.3122348471892086,-0.214718360588956
16,505433.80969618564,1.2333333333333334,0.45811701978392044,0.29209788051578434,0.1660191392681361
16,505433.80969618564,1.2999999999999998,0.0,0.2732596075354472,-0.2732596075354472
16,505433.80969618564,1.3666666666666667,0.9828819980356394,0.2556362715764093,0.72724572645923
16,505433.80969618564,1.4333333333333331,0.0,0.23914951768717055,-0.23914951768717055
16,505433.80969618564,1.5,0.3142977409849868,0.2237260442632904,0.0905716967216964
16,505433.80969618564,1.5666666666666667,0.14031149151115435,0.2092972771418011,-0.06898578563064675
16,505433.80969618564,1.6333333333333333,0.18170338150694548,0.19579906471425323,-0.014095683207307752
16,505433.80969618564,1.7000000000000002,0.2630840465834153,0.18317139270284163,0.07991265388057364
16,505433.80969618564,1.7666666666666666,0.10383050371825456,0.17135811733147788,-0.06752761361322332
16,505433.80969618564,1.8333333333333335,0.4454889855479165,0.16030671570546504,0.28518226984245143
16,505433.80969618564,1.9,0.0,0.1499680522899403,-0.1499680522899403
16,505433.80969618564,1.9666666666666668,0.20766100743650912,0.14029616044882603,0.06736484698768308
16,505433.80969618564,2.033333333333333,0.042795004910902365,0.13124803807299337,-0.08845303316209101
16,505433.80969618564,2.0999999999999996,0.1318928020204851,0.12278345638898103,0.009109345631504062
16,505433.80969618564,2.166666666666667,0.11084607829381193,0.1148647810982167,-0.004018702804404764
16,505433.80969618564,2.2333333333333334,0.16486600252560746,0.10745680505150948,0.05740919747409798
16,505433.80969618564,2.3,0.22379682896029118,0.10052659171486797,0.12327023724542321
16,505433.80969618564,2.3666666666666667,0.025957625929563726,0.09404332873068051,-0.06808570280111678
16,505433.80969618564,2.4333333333333336,0.06524484355268678,0.08797819092317623,-0.022733347370489446
16,505433.80969618564,2.5,0.02736074084467528,0.08230421213907665,-0.05494347129440137
16,505433.80969618564,2.5666666666666664,0.06734951592535408,0.0769961653536303,-0.009646649428276213
16,505433.80969618564,2.6333333333333333,0.042795004910902365,0.07203045050897056,-0.02923544559806819
16,505433.80969618564,2.7,0.08208222253402529,0.06738498958611619,0.014697232947909103
16,505433.80969618564,2.7666666666666666,0.0743650905009123,0.06303912844409452,0.011325962056817782
16,505433.80969618564,2.833333333333333,0.01964360881156161,0.05897354498975579,-0.03932993617819418
16,505433.80969618564,2.9,0.03998877508067926,0.05517016326999288,-0.015181388189313624
16,505433.80969618564,2.966666666666667,0.023852953556896237,0.05161207310441313,-0.027759119547516895
16,505433.80969618564,3.033333333333333,0.053318366774239005,0.04828345490114099,0.005034911873098014
16,505433.80969618564,3.0999999999999996,0.024554511014452014,0.0451695093214765,-0.020614998307024488
16,505433.80969618564,3.166666666666667,0.05822926897712905,0.042256391480692004,0.015972877496437048
16,505433.80969618564,3.2333333333333334,0.042795004910902365,0.039531149392417926,0.003263855518484439
16,505433.80969618564,3.3,0.023151396099340468,0.036981666382935374,-0.013830270283594907
16,505433.80969618564,3.3666666666666667,0.019643608811561738,0.034596607219344995,-0.014952998407783257
16,505433.80969618564,3.4333333333333336,0.01613582152378275,0.03236536771209253,-0.01622954618830978
16,505433.80969618564,3.5,0.016837378981338635,0.030278027567779357,-0.013440648586440722
16,505433.80969618564,3.5666666666666664,0.01613582152378275,0.028325306282637477,-0.012189484758854726
16,505433.80969618564,3.6333333333333333,0.023852953556896397,0.02649852188056732,-0.0026455683236709243
16,505433.80969618564,3.7,0.011224919320892349,0.024789552312283886,-0.013564632991391537
16,505433.80969618564,3.7666666666666666,0.010523361863336645,0.02319079934394827,-0.012667437480611625
16,505433.80969618564,3.833333333333333,0.00841868949066926,0.02169515477473027,-0.01327646528406101
16,505433.80969618564,3.9,0.009120246948225092,0.020295968833102217,-0.011175721884877124
16,505433.80969618564,3.966666666666667,0.004910902202890402,0.018987020611351133,-0.01407611840846073
16,505433.80969618564,4.033333333333333,0.011224919320892422,0.017762490406858282,-0.00653757108596586
16,505433.80969618564,4.1,0.011926476778448198,0.016616933847173034,-0.004690457068724835
16,505433.80969618564,4.166666666666666,0.010523361863336507,0.015545257683838685,-0.0050218958205021785
16,505433.80969618564,4.233333333333333,0.007015574575557764,0.01454269714734751,-0.0075271225717897456
16,505433.80969618564,4.3,0.0028062298302231055,0.013604794762542978,-0.010798564932319872
16,505433.80969618564,4.366666666666667,0.004910902202890369,0.012727380530280517,-0.007816478327390148
16,505433.80969618564,4.433333333333334,0.0028062298302231055,0.011906553387232842,-0.009100323557009736
16,505433.80969618564,4.5,0.013329591693559751,0.011138663861408195,0.0021909278321515565
16,505433.80969618564,4.566666666666666,0.009120246948225092,0.01042029784626662,-0.001300050898041527
16,505433.80969618564,4.633333333333333,0.004910902202890369,0.009748261421292348,-0.004837359218401978
16,505433.80969618564,4.7,0.0007015574575557764,0.009119566651533231,-0.008418009193977454
16,505433.80969618564,4.766666666666667,0.003507787287778882,0.00853141830297074,-0.005023631015191857
16,505433.80969618564,4.833333333333333,0.0,0.00798120141465572,-0.00798120141465572
16,505433.80969618564,4.9,0.0014031149151115343,0.00746646967235465,-0.006063354757243115
16,505433.80969618564,4.966666666666667,0.004209344745334659,0.0069849345320145105,-0.0027755897866798517
16,505433.80969618564,5.033333333333333,0.0,0.006534455044688131,-0.006534455044688131
16,505433.80969618564,5.1,0.004209344745334659,0.006113028337680839,-0.0019036835923461806
16,505433.80969618564,5.166666666666666,0.0014031149151115343,0.005718780709596645,-0.004315665794485111
16,505433.80969618564,5.233333333333333,0.0014031149151115527,0.005349959299691729,-0.003946844384580176
16,505433.80969618564,5.3,0.0021046723726673294,0.005004924294496477,-0.0029002519218291473
16,505433.80969618564,5.366666666666667,0.003507787287778835,0.004682141637055892,-0.0011743543492770572
16,505433.80969618564,5.433333333333334,0.0007015574575557764,0.004380176206373162,-0.0036786187488173855
16,505433.80969618564,5.5,0.0014031149151115527,0.0040976854367313865,-0.0026945705216198336
16,505433.80969618564,5.566666666666666,0.0014031149151115527,0.003833413348524548,-0.0024302984334129956
16,505433.80969618564,5.633333333333333,0.0014031149151115343,0.003586184964058159,-0.0021830700489466246
16,505433.80969618564,5.7,0.0014031149151115527,0.0033549010834917664,-0.0019517861683802137
16,505433.80969618564,5.766666666666667,0.0007015574575557764,0.003138533397696691,-0.0024369759401409144
16,505433.80969618564,5.833333333333333,0.0007015574575557764,0.0029361199163002714,-0.002234562458744495
16,505433.80969618564,5.9,0.0007015574575557672,0.002746760690589351,-0.0020452032330335835
16,505433.80969618564,5.966666666666667,0.0014031149151115527,0.0025696138122566084,-0.0011664988971450557
17,876215.110109384,0.03333333333333333,0.0,0.9697991161959337,-0.9697991161959337
17,876215.110109384,0.1,0.0,0.9072538472787854,-0.9072538472787854
17,876215.110109384,0.16666666666666669,1.4494363068964546,0.8487423113261123,0.6006939955703423
17,876215.110109384,0.23333333333333334,0.0,0.7940043607374581,-0.7940043607374581
17,876215.110109384,0.3,1.435519694115663,0.7427966256154565,0.6927230685002065
17,876215.110109384,0.3666666666666667,0.0,0.694891431721175,-0.694891431721175
17,876215.110109384,0.43333333333333335,2.444684978492508,0.6500757882137806,1.7946091902787273
17,876215.110109384,0.5,0.0,0.6081504406739263,-0.6081504406739263
17,876215.110109384,0.5666666666666667,1.0150693019202117,0.5689289852005146,0.4461403167196971
17,876215.110109384,0.6333333333333333,0.0,0.5322370396420313,-0.5322370396420313
17,876215.110109384,0.7,0.8084286879023871,0.4979114682776703,0.3105172196247168
17,876215.110109384,0.7666666666666666,0.4837077230172334,0.4657996565011093,0.017908066516124088
17,876215.110109384,0.8333333333333334,0.36520565661109405,0.4357588322821159,-0.07055317567102187
17,876215.110109384,0.9,1.1436925412578371,0.4076554313891406,0.7360371098686965
17,876215.110109384,0.9666666666666667,0.0,0.38136450355061846,-0.38136450355061846
17,876215.110109384,1.0333333333333332,0.7966206528156543,0.35676915691471883,0.4398514959009355
17,876215.110109384,1.1,0.0,0.3337600383375607,-0.3337600383375607
17,876215.110109384,1.1666666666666665,0.5562427956928787,0.3122348471892086,0.24400794850367014
17,876215.110109384,1.2333333333333334,0.0,0.29209788051578434,-0.29209788051578434
17,876215.110109384,1.2999999999999998,0.8514436728611996,0.2732596075354472,0.5781840653257524
17,876215.110109384,1.3666666666666667,0.1189237819449521,0.2556362715764093,-0.13671248963145718
17,876215.110109384,1.4333333333333331,0.30194832578931097,0.23914951768717055,0.06279880810214042
17,876215.110109384,1.5,0.19145885462059664,0.2237260442632904,-0.03226718964269376
17,876215.110109384,1.5666666666666667,0.2007365964744575,0.2092972771418011,-0.008560680667343612
17,876215.110109384,1.6333333333333333,0.24417329697208248,0.19579906471425323,0.04837423225782925
17,876215.110109384,1.7000000000000002,0.14380499873485342,0.18317139270284163,-0.03936639396798822
17,876215.110109384,1.7666666666666666,0.4331018583598078,0.17135811733147788,0.2617437410283299
17,876215.110109384,1.8333333333333335,0.01855548370772302,0.16030671570546504,-0.141751231997742
17,876215.110109384,1.9,0.21380977817762664,0.1499680522899403,0.06384172588768633
17,876215.110109384,1.9666666666666668,0.01644690601366359,0.14029616044882603,-0.12384925443516245
17,876215.110109384,2.033333333333333,0.2184486491045581,0.13124803807299337,0.08720061103156473
17,876215.110109384,2.0999999999999996,0.05144929573505003,0.12278345638898103,-0.071334160653931
17,876215.110109384,2.166666666666667,0.2821276954651514,0.1148647810982167,0.1672629143669347
17,876215.110109384,2.2333333333333334,0.15097416289465598,0.10745680505150948,0.043517357843146504
17,876215.110109384,2.3,0.07000477944277299,0.10052659171486797,-0.03052181227209498
17,876215.110109384,2.3666666666666667,0.059883606511288136,0.09404332873068051,-0.034159722219392376
17,876215.110109384,2.4333333333333336,0.04765385588574306,0.08797819092317623,-0.04032433503743317
17,876215.110109384,2.5,0.07928252129663499,0.08230421213907665,-0.0030216908424416655
17,876215.110109384,2.5666666666666664,0.05440130450673322,0.0769961653536303,-0.022594860846897075
17,876215.110109384,2.6333333333333333,0.10880260901346717,0.07203045050897056,0.03677215850449661
17,876215.110109384,2.7,0.03542410526019838,0.06738498958611619,-0.03196088432591781
17,876215.110109384,2.7666666666666666,0.04512356265287204,0.06303912844409452,-0.017915565791222485
17,876215.110109384,2.833333333333333,0.018133768168911074,0.05897354498975579,-0.04083977682084471
17,876215.110109384,2.9,0.05904017543366435,0.05517016326999288,0.0038700121636714643
17,876215.110109384,2.966666666666667,0.029098372178020096,0.05161207310441313,-0.022513700926393036
17,876215.110109384,3.033333333333333,0.07169164159802101,0.04828345490114099,0.023408186696880016
17,876215.110109384,3.0999999999999996,0.0493407180409906,0.0451695093214765,0.004171208719514097
17,876215.110109384,3.166666666666667,0.01771205263009919,0.042256391480692004,-0.024544338850592814
17,876215.110109384,3.2333333333333334,0.02656807894514896,0.039531149392417926,-0.012963070447268965
17,876215.110109384,3.3,0.01771205263009919,0.036981666382935374,-0.019269613752836184
17,876215.110109384,3.3666666666666667,0.01644690601366364,0.034596607219344995,-0.018149701205681355
17,876215.110109384,3.4333333333333336,0.022350923557029927,0.03236536771209253,-0.010014444155062602
17,876215.110109384,3.5,0.027833225561584626,0.030278027567779357,-0.0024448020061947316
17,876215.110109384,3.5666666666666664,0.018133768168911074,0.028325306282637477,-0.010191538113726403
17,876215.110109384,3.6333333333333333,0.012651466164356648,0.02649852188056732,-0.013847055716210673
17,876215.110109384,3.7,0.00927774185386148,0.024789552312283886,-0.015511810458422405
17,876215.110109384,3.7666666666666666,0.011386319547920982,0.02319079934394827,-0.011804479796027289
17,876215.110109384,3.833333333333333,0.008856026315049595,0.02169515477473027,-0.012839128459680675
17,876215.110109384,3.9,0.018133768168911196,0.020295968833102217,-0.002162200664191021
17,876215.110109384,3.966666666666667,0.012651466164356563,0.018987020611351133,-0.00633555444699457
17,876215.110109384,4.033333333333333,0.010121172931485319,0.017762490406858282,-0.007641317475372963
17,876215.110109384,4.1,0.006325733082178324,0.016616933847173034,-0.01029120076499471
17,876215.110109384,4.166666666666666,0.008856026315049536,0.015545257683838685,-0.006689231368789149
17,876215.110109384,4.233333333333333,0.005904017543366435,0.01454269714734751,-0.008638679603981073
17,876215.110109384,4.3,0.011386319547920982,0.013604794762542978,-0.0022184752146219965
17,876215.110109384,4.366666666666667,0.007590879698613888,0.012727380530280517,-0.005136500831666629
17,876215.110109384,4.433333333333334,0.008434310776237765,0.011906553387232842,-0.003472242610995076
17,876215.110109384,4.5,0.003373724310495106,0.011138663861408195,-0.007764939550913089
17,876215.110109384,4.566666666666666,0.0012651466164356649,0.01042029784626662,-0.009155151229830955
17,876215.110109384,4.633333333333333,0.0054823020045544745,0.009748261421292348,-0.004265959416737873
17,876215.110109384,4.7,0.0029520087716832176,0.009119566651533231,-0.006167557879850013
17,876215.110109384,4.766666666666667,0.007590879698613989,0.00853141830297074,-0.0009405386043567507
17,876215.110109384,4.833333333333333,0.005482302004554547,0.00798120141465572,-0.0024988994101011724
17,876215.110109384,4.9,0.004638870926930709,0.00746646967235465,-0.002827598745423941
17,876215.110109384,4.966666666666667,0.0012651466164356649,0.0069849345320145105,-0.005719787915578846
17,876215.110109384,5.033333333333333,0.003373724310495106,0.006534455044688131,-0.0031607307341930246
17,876215.110109384,5.1,0.00042171553881188825,0.006113028337680839,-0.0056913127988689515
17,876215.110109384,5.166666666666666,0.0033737243104950613,0.005718780709596645,-0.0023450563991015837
17,876215.110109384,5.233333333333333,0.001686862155247553,0.005349959299691729,-0.0036630971444441764
17,876215.110109384,5.3,0.0029520087716832176,0.005004924294496477,-0.002052915522813259
17,876215.110109384,5.366666666666667,0.002108577694059413,0.004682141637055892,-0.002573563942996479
17,876215.110109384,5.433333333333334,0.0012651466164356649,0.004380176206373162,-0.0031150295899374974
17,876215.110109384,5.5,0.001686862155247553,0.0040976854367313865,-0.0024108232814838335
17,876215.110109384,5.566666666666666,0.00042171553881188825,0.003833413348524548,-0.0034116978097126598
17,876215.110109384,5.633333333333333,0.00042171553881188267,0.003586184964058159,-0.003164469425246276
17,876215.110109384,5.7,0.0012651466164356649,0.0033549010834917664,-0.0020897544670561014
17,876215.110109384,5.766666666666667,0.004217155388118883,0.003138533397696691,0.0010786219904221918
17,876215.110109384,5.833333333333333,0.00042171553881188825,0.0029361199163002714,-0.002514404377488383
17,876215.110109384,5.9,0.0016868621552475307,0.002746760690589351,-0.0010598985353418202
17,876215.110109384,5.966666666666667,0.00042171553881188825,0.0025696138122566084,-0.00214789827344472
18,1518997.0375217984,0.03333333333333333,0.0,0.9697991161959337,-0.9697991161959337
18,1518997.0375217984,0.1,0.0,0.9072538472787854,-0.9072538472787854
18,1518997.0375217984,0.16666666666666669,1.417746910978878,0.8487423113261123,0.5690045996527657
18,1518997.0375217984,0.23333333333333334,0.0,0.7940043607374581,-0.7940043607374581
18,1518997.0375217984,0.3,1.3954958447819568,0.7427966256154565,0.6526992191665003
18,1518997.0375217984,0.3666666666666667,0.0,0.694891431721175,-0.694891431721175
18,1518997.0375217984,0.43333333333333335,2.328017800852958,0.6500757882137806,1.6779420126391775
18,1518997.0375217984,0.5,0.0,0.6081504406739263,-0.6081504406739263
18,1518997.0375217984,0.5666666666666667,0.9992751546617672,0.5689289852005146,0.4303461694612526
18,1518997.0375217984,0.6333333333333333,0.0,0.5322370396420313,-0.5322370396420313
18,1518997.0375217984,0.7,1.2584495052509148,0.4979114682776703,0.7605380369732445
18,1518997.0375217984,0.7666666666666666,0.0,0.4657996565011093,-0.4657996565011093
18,1518997.0375217984,0.8333333333333334,1.525968005663908,0.4357588322821159,1.090209173381792
18,1518997.0375217984,0.9,0.0,0.4076554313891406,-0.4076554313891406
18,1518997.0375217984,0.9666666666666667,0.7426293343222697,0.38136450355061846,0.3612648307716513
18,1518997.0375217984,1.0333333333333332,0.04753636869342414,0.35676915691471883,-0.3092327882212947
18,1518997.0375217984,1.1,0.4366771741145931,0.3337600383375607,0.10291713577703243
18,1518997.0375217984,1.1666666666666665,0.13477066230635676,0.3122348471892086,-0.17746418488285182
18,1518997.0375217984,1.2333333333333334,0.5997673752170323,0.29209788051578434,0.30766949470124794
18,1518997.0375217984,1.2999999999999998,0.39419786592046935,0.2732596075354472,0.12093825838502215
18,1518997.0375217984,1.3666666666666667,0.22200495591928937,0.2556362715764093,-0.03363131565711991
18,1518997.0375217984,1.4333333333333331,0.2450145811911064,0.23914951768717055,0.005865063503935841
18,1518997.0375217984,1.5,0.14412622423006258,0.2237260442632904,-0.07959982003322782
18,1518997.0375217984,1.5666666666666667,0.27737976838662826,0.2092972771418011,0.06808249124482715
18,1518997.0375217984,1.6333333333333333,0.1527232270788733,0.19579906471425323,-0.04307583763537992
18,1518997.0375217984,1.7000000000000002,0.4551354449370397,0.18317139270284163,0.27196405223419806
18,1518997.0375217984,1.7666666666666666,0.03944507189454344,0.17135811733147788,-0.13191304543693444
18,1518997.0375217984,1.8333333333333335,0.23363619506768038,0.16030671570546504,0.07332947936221534
18,1518997.0375217984,1.9,0.014159769398041236,0.1499680522899403,-0.13580828289189908
18,1518997.0375217984,1.9666666666666668,0.252094465890127,0.14029616044882603,0.11179830544130098
18,1518997.0375217984,2.033333333333333,0.01744685872258658,0.13124803807299337,-0.11380117935040679
18,1518997.0375217984,2.0999999999999996,0.39242789474571294,0.12278345638898103,0.2696444383567319
18,1518997.0375217984,2.166666666666667,0.05866190179188492,0.1148647810982167,-0.05620287930633178
18,1518997.0375217984,2.2333333333333334,0.09658985553663874,0.10745680505150948,-0.010866949514870744
18,1518997.0375217984,2.3,0.030848069045732587,0.10052659171486797,-0.06967852266913538
18,1518997.0375217984,2.3666666666666667,0.09583129646174368,0.09404332873068051,0.0017879677310631698
18,1518997.0375217984,2.4333333333333336,0.047030662643493946,0.08797819092317623,-0.04094752827968228
18,1518997.0375217984,2.5,0.1269322185324415,0.08230421213907665,0.04462800639336484
18,1518997.0375217984,2.5666666666666664,0.07737302563929649,0.0769961653536303,0.0003768602856661918
18,1518997.0375217984,2.6333333333333333,0.04374357331894896,0.07203045050897056,-0.028286877190021598
18,1518997.0375217984,2.7,0.043490720293983647,0.06738498958611619,-0.023894269292132543
18,1518997.0375217984,2.7666666666666666,0.05107631104293463,0.06303912844409452,-0.011962817401159898
18,1518997.0375217984,2.833333333333333,0.05385769431754952,0.05897354498975579,-0.005115850672206268
18,1518997.0375217984,2.9,0.055880518517270064,0.05517016326999288,0.0007103552472771807
18,1518997.0375217984,2.966666666666667,0.07181025909006601,0.05161207310441313,0.02019818598565288
18,1518997.0375217984,3.033333333333333,0.02730812669622247,0.04828345490114099,-0.02097532820491852
18,1518997.0375217984,3.0999999999999996,0.027560979721187314,0.0451695093214765,-0.017608529600289188
18,1518997.0375217984,3.166666666666667,0.013148357298181104,0.042256391480692004,-0.0291080341825109
18,1518997.0375217984,3.2333333333333334,0.02351533132174713,0.039531149392417926,-0.016015818070670797
18,1518997.0375217984,3.3,0.02705527367125727,0.036981666382935374,-0.009926392711678104
18,1518997.0375217984,3.3666666666666667,0.031100922070697815,0.034596607219344995,-0.0034956851486471797
18,1518997.0375217984,3.4333333333333336,0.021998213171956844,0.03236536771209253,-0.010367154540135686
18,1518997.0375217984,3.5,0.0176997117475516,0.030278027567779357,-0.012578315820227757
18,1518997.0375217984,3.5666666666666664,0.015171181497901271,0.028325306282637477,-0.013154124784736206
18,1518997.0375217984,3.6333333333333333,0.013401210323146213,0.02649852188056732,-0.013097311557421108
18,1518997.0375217984,3.7,0.012136945198321017,0.024789552312283886,-0.012652607113962868
18,1518997.0375217984,3.7666666666666666,0.023768184346712153,0.02319079934394827,0.0005773850027638826
18,1518997.0375217984,3.833333333333333,0.017446858722586465,0.02169515477473027,-0.004248296052143805
18,1518997.0375217984,3.9,0.01314835729818119,0.020295968833102217,-0.0071476115349210275
18,1518997.0375217984,3.966666666666667,0.0083441498238457,0.018987020611351133,-0.010642870787505433
18,1518997.0375217984,4.033333333333333,0.014159769398041281,0.017762490406858282,-0.0036027210088170007
18,1518997.0375217984,4.1,0.009102708898740824,0.016616933847173034,-0.007514224948432209
18,1518997.0375217984,4.166666666666666,0.012389798223285958,0.015545257683838685,-0.0031554594605527272
18,1518997.0375217984,4.233333333333333,0.010114120998600916,0.01454269714734751,-0.004428576148746593
18,1518997.0375217984,4.3,0.007332737723985664,0.013604794762542978,-0.006272057038557315
18,1518997.0375217984,4.366666666666667,0.003287089324545254,0.012727380530280517,-0.009440291205735264
18,1518997.0375217984,4.433333333333334,0.005815619574195527,0.011906553387232842,-0.006090933813037314
18,1518997.0375217984,4.5,0.005309913524265481,0.011138663861408195,-0.005828750337142714
18,1518997.0375217984,4.566666666666666,0.00783844377391571,0.01042029784626662,-0.0025818540723509097
18,1518997.0375217984,4.633333333333333,0.005815619574195449,0.009748261421292348,-0.0039326418470968984
18,1518997.0375217984,4.7,0.004804207474335435,0.009119566651533231,-0.004315359177197796
18,1518997.0375217984,4.766666666666667,0.0017699711747551602,0.00853141830297074,-0.006761447128215579
18,1518997.0375217984,4.833333333333333,0.002528530249650229,0.00798120141465572,-0.005452671165005491
18,1518997.0375217984,4.9,0.004045648399440313,0.00746646967235465,-0.003420821272914337
18,1518997.0375217984,4.966666666666667,0.004045648399440366,0.0069849345320145105,-0.0029392861325741445
18,1518997.0375217984,5.033333333333333,0.002528530249650229,0.006534455044688131,-0.004005924795037901
18,1518997.0375217984,5.1,0.003034236299580275,0.006113028337680839,-0.0030787920381005643
18,1518997.0375217984,5.166666666666666,0.0010114120998600783,0.005718780709596645,-0.004707368609736567
18,1518997.0375217984,5.233333333333333,0.0012642651248251145,0.005349959299691729,-0.004085694174866615
18,1518997.0375217984,5.3,0.0012642651248251145,0.005004924294496477,-0.0037406591696713624
18,1518997.0375217984,5.366666666666667,0.0017699711747551368,0.004682141637055892,-0.0029121704623007554
18,1518997.0375217984,5.433333333333334,0.004045648399440366,0.004380176206373162,-0.000334527806932796
18,1518997.0375217984,5.5,0.0032870893245452973,0.0040976854367313865,-0.0008105961121860892
18,1518997.0375217984,5.566666666666666,0.002781383274615252,0.003833413348524548,-0.001052030073909296
18,1518997.0375217984,5.633333333333333,0.0015171181497901172,0.003586184964058159,-0.0020690668142680415
18,1518997.0375217984,5.7,0.002022824199720183,0.0033549010834917664,-0.0013320768837715834
18,1518997.0375217984,5.766666666666667,0.0010114120998600915,0.003138533397696691,-0.002127121297836599
18,1518997.0375217984,5.833333333333333,0.0017699711747551602,0.0029361199163002714,-0.0011661487415451112
18,1518997.0375217984,5.9,0.0017699711747551368,0.002746760690589351,-0.0009767895158342141
18,1518997.0375217984,5.966666666666667,0.0005057060499300457,0.0025696138122566084,-0.002063907762326563
