rank_k,l1_error,l2_error,frobenius_error,captured_energy,max_abs_error,min_probability_uncorrected,max_probability_uncorrected
0,0.005746177199492079,0.007938279207600263,0.0635062336608021,0.0,0.02416686729322018,0.11929907556366186,0.13349346175916335
1,0.004387237869059894,0.0052813954242110165,0.04225116339368813,0.5573661432708562,0.014128421298796434,0.10749469597734158,0.15087141093650563
2,0.002556289941770564,0.003421937819392876,0.027375502555143007,0.8141804143542641,0.013493022435792673,0.1005972710023012,0.14782384669420598
3,0.0013378524498208518,0.0017050364955673645,0.013640291964538916,0.9538666896892909,0.004074493673821067,0.09949650426541276,0.15050197412865957
4,0.0008951105908735822,0.0012446822566115861,0.009957458052892689,0.9754153371297076,0.004014635308385792,0.09914640000220326,0.15022289628346785
5,0.0004816177599753211,0.0006337619401040326,0.005070095520832261,0.9936261833091066,0.0017924567208774111,0.09912866986671652,0.15026122769212663
6,0.00020778335975223713,0.0003573425985005783,0.002858740788004626,0.9979736388877216,0.001211210547181485,0.09911912468823278,0.15034616630820574
7,5.854691731421724e-18,1.137534255038139e-17,9.100274040305112e-17,1.0,2.7755575615628914e-17,0.09907054209423519,0.15032504163756513
8,4.9873299934333204e-18,1.0551910960100405e-17,8.441528768080324e-17,1.0,2.7755575615628914e-17,0.09907054209423519,0.15032504163756516
