control,transition,delta_entry,slice_norm
prime,11->13,-0.0024127400952495826,0.0029991406705952386
prime,17->19,0.001139281309886886,0.0029991406705952386
prime,29->1,0.0013695138158251324,0.0029991406705952386
iid,11->13,0.0006802660255889048,0.0024763576123700563
iid,17->19,6.289070389284279e-05,0.0024763576123700563
iid,29->1,0.002380258372138719,0.0024763576123700563
iid,11->13,-0.0004498960222861087,0.003286462234334528
iid,17->19,0.002243597047804552,0.003286462234334528
iid,29->1,-0.002358961609251184,0.003286462234334528
iid,11->13,0.0019629363134830158,0.0032862004609239682
iid,17->19,-0.0024994585747586534,0.0032862004609239682
iid,29->1,-0.000835883563453696,0.0032862004609239682
iid,11->13,0.002084783263571588,0.005503251058158919
iid,17->19,0.0007278875426161707,0.005503251058158919
iid,29->1,-0.005040796631323591,0.005503251058158919
iid,11->13,-0.0008822967872017945,0.0031402614639877533
iid,17->19,-0.0011928520875735399,0.0031402614639877533
iid,29->1,-0.0027676521346931132,0.0031402614639877533
iid,11->13,-0.00013450773723766574,0.0024519622264955023
iid,17->19,-0.002447136096153782,0.0024519622264955023
iid,29->1,7.450742033658642e-05,0.0024519622264955023
iid,11->13,-0.0008856710387915162,0.00196908168550404
iid,17->19,0.0002954171185097637,0.00196908168550404
iid,29->1,-0.00173366612164072,0.00196908168550404
iid,11->13,0.0009828861375442421,0.0014685908606392089
iid,17->19,-0.0002290266966466642,0.0014685908606392089
iid,29->1,-0.0010668836528879289,0.0014685908606392089
iid,11->13,-0.0007785311169701548,0.001449534080589177
iid,17->19,0.0008049440339071567,0.001449534080589177
iid,29->1,0.0009203822319971133,0.001449534080589177
iid,11->13,-0.0012082734041441168,0.0024896150587923735
iid,17->19,-0.0019923442045932382,0.0024896150587923735
iid,29->1,-0.0008768255768552141,0.0024896150587923735
iid,11->13,7.273558220352583e-05,0.002584115476980793
iid,17->19,0.0016092377979625289,0.002584115476980793
iid,29->1,-0.002020573196660269,0.002584115476980793
iid,11->13,0.0067253179278888575,0.009029019123723616
iid,17->19,-0.0046080915693013785,0.009029019123723616
iid,29->1,0.003880564030436434,0.009029019123723616
iid,11->13,0.001582506564602626,0.0036759641297593724
iid,17->19,-0.0031443601446357605,0.0036759641297593724
iid,29->1,0.0010589544546831808,0.0036759641297593724
iid,11->13,-0.0003262168003659027,0.005492492971039374
iid,17->19,-0.0029053145272710107,0.005492492971039374
iid,29->1,-0.004649753663765854,0.005492492971039374
iid,11->13,-0.0009985387333875245,0.004024627295906894
iid,17->19,-0.0035705612186956864,0.004024627295906894
iid,29->1,0.001565770689606255,0.004024627295906894
iid,11->13,-0.004992031418816073,0.0066966439005818395
iid,17->19,-0.0017289879098596472,0.0066966439005818395
iid,29->1,0.0041152475809253936,0.0066966439005818395
iid,11->13,-0.0006101406895304973,0.00402403400870234
iid,17->19,-0.0008135579744154159,0.00402403400870234
iid,29->1,-0.0038934177099866074,0.00402403400870234
iid,11->13,-0.0014873679264042067,0.0025194048749301464
iid,17->19,0.0013801788793450231,0.0025194048749301464
iid,29->1,-0.0014934000925189983,0.0025194048749301464
iid,11->13,0.001564646366668948,0.004230950526520109
iid,17->19,0.0028312846182715345,0.004230950526520109
iid,29->1,0.0027270224633232226,0.004230950526520109
iid,11->13,-0.003251492409550541,0.008608779222915485
iid,17->19,0.004783663530687876,0.008608779222915485
iid,29->1,-0.006376161858414775,0.008608779222915485
iid,11->13,0.0026981495081214724,0.0035750374398670856
iid,17->19,-0.0008680115418625012,0.0035750374398670856
iid,29->1,-0.002178861604478069,0.0035750374398670856
iid,11->13,-0.003588693019787398,0.004892992374718054
iid,17->19,0.001931679709259726,0.004892992374718054
iid,29->1,-0.0027076318600600946,0.004892992374718054
iid,11->13,0.0011082597783341197,0.002040668947584505
iid,17->19,0.0015392690832909395,0.002040668947584505
iid,29->1,-0.0007528218292445626,0.002040668947584505
iid,11->13,0.0006174485732426127,0.0027786033325257523
iid,17->19,0.0026953385276063113,0.0027786033325257523
iid,29->1,0.0002730273988538895,0.0027786033325257523
iid,11->13,-0.0004108268289682443,0.0019160154119277739
iid,17->19,-0.001769192734081687,0.0019160154119277739
iid,29->1,-0.0006101585408868904,0.0019160154119277739
iid,11->13,0.003541067333965975,0.005714082156797639
iid,17->19,0.0034232900653370785,0.005714082156797639
iid,29->1,0.002897009174910689,0.005714082156797639
iid,11->13,0.004564375232771478,0.006052824011236057
iid,17->19,0.00017543419821949846,0.006052824011236057
iid,29->1,0.003971445591664721,0.006052824011236057
iid,11->13,0.0030391875922237688,0.0037688795032288893
iid,17->19,-0.0012320470521913762,0.0037688795032288893
iid,29->1,-0.0018573776003598386,0.0037688795032288893
iid,11->13,-0.0008756203547850977,0.0035859598459459206
iid,17->19,0.0031135910938368816,0.0035859598459459206
iid,29->1,0.0015485307589460928,0.0035859598459459206
iid,11->13,0.0018253514779199842,0.0028558707396441996
iid,17->19,-0.0019207616339893957,0.0028558707396441996
iid,29->1,0.0010652532135626835,0.0028558707396441996
iid,11->13,-0.0013059022425489647,0.003823873067468589
iid,17->19,0.0019999253466718853,0.003823873067468589
iid,29->1,0.0029861217618771946,0.003823873067468589
iid,11->13,-0.0001937902898882793,0.0021419111034150116
iid,17->19,0.0010018964462806396,0.0021419111034150116
iid,29->1,0.0018831972837193012,0.0021419111034150116
iid,11->13,0.001520788270788609,0.0023729860758662283
iid,17->19,0.0006963638177297643,0.0023729860758662283
iid,29->1,0.0016832538088605714,0.0023729860758662283
iid,11->13,-0.00024857258810084826,0.0019937022802884027
iid,17->19,0.0015025422116345388,0.0019937022802884027
iid,29->1,-0.001286634117816099,0.0019937022802884027
iid,11->13,-0.0028405485766971744,0.005455042675311652
iid,17->19,0.0026140497808978813,0.005455042675311652
iid,29->1,-0.003854285681664335,0.005455042675311652
iid,11->13,-0.001974514286064169,0.00417866417815437
iid,17->19,0.0036822781605171245,0.00417866417815437
iid,29->1,5.792405802138023e-05,0.00417866417815437
iid,11->13,-0.0020336526076026318,0.006261154006931367
iid,17->19,-0.0013160973284466332,0.006261154006931367
iid,29->1,-0.005773577261296445,0.006261154006931367
iid,11->13,-0.0005581986724650517,0.002436583748447249
iid,17->19,0.0023617964598911245,0.002436583748447249
iid,29->1,0.00021742145087652598,0.002436583748447249
iid,11->13,0.0018368675362295805,0.003057417372871564
iid,17->19,-0.0017717220944562795,0.003057417372871564
iid,29->1,0.0016836625155589174,0.003057417372871564
iid,11->13,-0.00020695607475179623,0.004505735686408184
iid,17->19,-0.0015889915783501851,0.004505735686408184
iid,29->1,-0.004211167180583994,0.004505735686408184
iid,11->13,0.0007064781459758529,0.0021221932396024213
iid,17->19,-0.0013099263500490899,0.0021221932396024213
iid,29->1,0.0015128402866528279,0.0021221932396024213
iid,11->13,0.001949100010327387,0.004658412861995736
iid,17->19,-0.003972934244897863,0.004658412861995736
iid,29->1,0.0014552020575394065,0.004658412861995736
iid,11->13,-0.0008352304064545707,0.0026291912330877374
iid,17->19,0.002214849013266837,0.0026291912330877374
iid,29->1,0.0011443253718720348,0.0026291912330877374
iid,11->13,-0.003909291150319516,0.004421780197586991
iid,17->19,0.00012944098836921436,0.004421780197586991
iid,29->1,0.0020622385527227366,0.004421780197586991
iid,11->13,-0.00032522045291699664,0.0017213297131371363
iid,17->19,-0.001689650383765673,0.0017213297131371363
iid,29->1,-4.784578323900612e-05,0.0017213297131371363
iid,11->13,0.003388424109295629,0.003982619221606684
iid,17->19,-0.0010047580224590985,0.003982619221606684
iid,29->1,0.0018358374754207513,0.003982619221606684
iid,11->13,-0.0034119286554720185,0.00346784248341577
iid,17->19,-0.0002413005889518871,0.00346784248341577
iid,29->1,-0.000571356601015191,0.00346784248341577
iid,11->13,-0.003305107337180632,0.003565435693845673
iid,17->19,-0.0009774646912910495,0.003565435693845673
iid,29->1,0.0009127759604321412,0.003565435693845673
iid,11->13,-0.0006284089465103115,0.0034083509582606124
iid,17->19,0.003216327432028196,0.0034083509582606124
iid,29->1,0.0009365875829866338,0.0034083509582606124
iid,11->13,0.0025963684371987927,0.0040717724619673875
iid,17->19,0.0012932421208822764,0.0040717724619673875
iid,29->1,0.0028575735751034947,0.0040717724619673875
iid,11->13,0.0009837293509548095,0.003509665518926442
iid,17->19,-0.00285343805711899,0.003509665518926442
iid,29->1,-0.0017910666858038105,0.003509665518926442
iid,11->13,-0.0017426360990797501,0.0024024504255588074
iid,17->19,0.0013354198756538038,0.0024024504255588074
iid,29->1,0.0009755210039566475,0.0024024504255588074
iid,11->13,-0.002242460561409962,0.002628678885510306
iid,17->19,-0.0011154213845233907,0.002628678885510306
iid,29->1,-0.0007982220546918911,0.002628678885510306
iid,11->13,-0.0016082935049629432,0.004873960460333031
iid,17->19,0.0013851135879367205,0.004873960460333031
iid,29->1,-0.004387521272802772,0.004873960460333031
iid,11->13,0.0022596151768691786,0.0035319649749616794
iid,17->19,-0.00018399469946600577,0.0035319649749616794
iid,29->1,0.002708331919722348,0.0035319649749616794
iid,11->13,0.003837674518280404,0.004421836537863063
iid,17->19,4.666512771631104e-05,0.004421836537863063
iid,29->1,-0.002196068083001365,0.004421836537863063
iid,11->13,0.002540111045731569,0.003549753957665444
iid,17->19,-0.00022422824698518917,0.003549753957665444
iid,29->1,-0.0024694758003608597,0.003549753957665444
iid,11->13,-0.0005294589973273839,0.0022935335855870597
iid,17->19,-0.00195169238844492,0.0022935335855870597
iid,29->1,0.001082065755511688,0.0022935335855870597
iid,11->13,-0.0015300450127598286,0.0018759929967440518
iid,17->19,-0.0003064831864813544,0.0018759929967440518
iid,29->1,0.001041335699554058,0.0018759929967440518
iid,11->13,0.002522066752693203,0.005088851454149192
iid,17->19,0.0005715843508340424,0.005088851454149192
iid,29->1,-0.004382793600802751,0.005088851454149192
iid,11->13,0.0010194817150916968,0.0018803896006419011
iid,17->19,0.0015581283989438144,0.0018803896006419011
iid,29->1,-0.0002622174197125099,0.0018803896006419011
iid,11->13,-0.0028327950968515397,0.0037261910544632124
iid,17->19,-0.0005773296832710384,0.0037261910544632124
iid,29->1,-0.0023508428595781783,0.0037261910544632124
iid,11->13,0.00443986982704625,0.004785156469259383
iid,17->19,-0.0003193426536679672,0.004785156469259383
iid,29->1,-0.0017559324086443423,0.004785156469259383
iid,11->13,7.343375084256643e-05,0.002484897271518233
iid,17->19,-0.002334017301946309,0.002484897271518233
iid,29->1,0.0008495205521064364,0.002484897271518233
iid,11->13,0.0021657974364775456,0.004545893873112536
iid,17->19,0.003757512433154947,0.004545893873112536
iid,29->1,0.0013621941434448226,0.004545893873112536
iid,11->13,-0.0008370336824162911,0.002082220825386174
iid,17->19,0.00020792565843685828,0.002082220825386174
iid,29->1,0.0018952005436723846,0.002082220825386174
iid,11->13,-0.0019618050577849128,0.004479745355405698
iid,17->19,0.003530913439773131,0.004479745355405698
iid,29->1,-0.001937031142072304,0.004479745355405698
iid,11->13,0.0005980451956762167,0.001852222360089678
iid,17->19,-0.0017407835665176757,0.001852222360089678
iid,29->1,-0.00020674184309610322,0.001852222360089678
iid,11->13,-0.002439345983238375,0.0038116623251107156
iid,17->19,-0.002445599389459055,0.0038116623251107156
iid,29->1,-0.0016116465124228485,0.0038116623251107156
iid,11->13,-0.0026536337290462286,0.003924056892307595
iid,17->19,0.0013678890761181506,0.003924056892307595
iid,29->1,0.0025466311082627535,0.003924056892307595
iid,11->13,0.0010927282076047817,0.0017324812663237496
iid,17->19,0.0010348109403487266,0.0017324812663237496
iid,29->1,-0.0008582556263737329,0.0017324812663237496
iid,11->13,0.0005173719928772413,0.002223735846257492
iid,17->19,-0.001702467113805714,0.002223735846257492
iid,29->1,0.0013337664943035565,0.002223735846257492
iid,11->13,-0.0005199542625149017,0.0014495487440588973
iid,17->19,0.0013126770592234438,0.0014495487440588973
iid,29->1,0.0003282043029635695,0.0014495487440588973
iid,11->13,0.0028684463971959395,0.004593348619856483
iid,17->19,-0.0035245731145899933,0.004593348619856483
iid,29->1,-0.000669515623313216,0.004593348619856483
iid,11->13,-4.2162579682009094e-05,0.005146015024628269
iid,17->19,-0.004396425783153579,0.005146015024628269
iid,29->1,-0.002674160295082717,0.005146015024628269
iid,11->13,0.002014477228801631,0.002283783383773888
iid,17->19,-0.00010194194672635826,0.002283783383773888
iid,29->1,0.0010710536299079754,0.002283783383773888
iid,11->13,0.0011745860425659838,0.002846819900951319
iid,17->19,0.002408100664204757,0.002846819900951319
iid,29->1,-0.000962175850932806,0.002846819900951319
iid,11->13,0.002485984288042059,0.002792164038783549
iid,17->19,-0.000700000884875776,0.002792164038783549
iid,29->1,-0.0010611601671082493,0.002792164038783549
iid,11->13,-0.0014824769069908955,0.004619715928971073
iid,17->19,0.0012422778334036516,0.004619715928971073
iid,29->1,0.004195328743884286,0.004619715928971073
iid,11->13,-0.0029315882458162273,0.003549117838490477
iid,17->19,-0.001568097745654945,0.003549117838490477
iid,29->1,-0.0012422146547820673,0.003549117838490477
iid,11->13,0.002977369591682655,0.0032045053889505613
iid,17->19,0.001087933865976512,0.0032045053889505613
iid,29->1,0.00046960090033777713,0.0032045053889505613
iid,11->13,0.001124219834079454,0.004149000609822902
iid,17->19,-0.003739586537645667,0.004149000609822902
iid,29->1,0.0014020800092835184,0.004149000609822902
iid,11->13,-0.0009608190108259668,0.0027558539620467
iid,17->19,-0.0018080618706323576,0.0027558539620467
iid,29->1,0.0018445785861625208,0.0027558539620467
iid,11->13,0.006017497525212967,0.006122078859107503
iid,17->19,-0.0009125235040350899,0.006122078859107503
iid,29->1,0.0006609644058270941,0.006122078859107503
iid,11->13,0.001664142442887817,0.00216349750584747
iid,17->19,-0.00033184464880212095,0.00216349750584747
iid,29->1,0.0013420992946309857,0.00216349750584747
iid,11->13,-0.004460633793538532,0.004567193624817507
iid,17->19,-8.01564288486073e-05,0.004567193624817507
iid,29->1,0.0009775370649903609,0.004567193624817507
iid,11->13,0.0009485577675687751,0.005149620992958208
iid,17->19,-0.002643078086712866,0.005149620992958208
iid,29->1,-0.004316592725777946,0.005149620992958208
iid,11->13,-0.002126662214459868,0.004225850186591657
iid,17->19,-0.0029684561428894446,0.004225850186591657
iid,29->1,-0.0021268252755803213,0.004225850186591657
iid,11->13,-0.0012423838910406715,0.0050308664510537214
iid,17->19,-0.003715112694087766,0.0050308664510537214
iid,29->1,-0.0031565863184535997,0.0050308664510537214
iid,11->13,0.001624259603472844,0.0024764017192275343
iid,17->19,0.001694482495917568,0.0024764017192275343
iid,29->1,0.0007893511807480214,0.0024764017192275343
iid,11->13,0.006462453027455212,0.007537474578186187
iid,17->19,0.0017861097961992811,0.007537474578186187
iid,29->1,0.0034438402519075956,0.007537474578186187
iid,11->13,-0.0006934060023587318,0.005671462929690435
iid,17->19,0.0027713581629821155,0.005671462929690435
iid,29->1,-0.004899413619119955,0.005671462929690435
iid,11->13,0.0014070756309324528,0.003917381587082811
iid,17->19,-0.0026749318572807934,0.003917381587082811
iid,29->1,0.0024921388858881455,0.003917381587082811
iid,11->13,0.0016683329156596538,0.0038902895518812476
iid,17->19,-0.0032203531008527936,0.0038902895518812476
iid,29->1,0.001407246952681282,0.0038902895518812476
iid,11->13,0.002068812311523227,0.002223376826555384
iid,17->19,-0.0004708284289758613,0.002223376826555384
iid,29->1,-0.0006646357822307908,0.002223376826555384
iid,11->13,0.0025923696377577465,0.0038126147212338133
iid,17->19,0.00014664602685965367,0.0038126147212338133
iid,29->1,0.002791799709256887,0.0038126147212338133
iid,11->13,-0.0018451131126209358,0.002076319455510856
iid,17->19,8.458453258086696e-07,0.002076319455510856
iid,29->1,-0.0009521866243089455,0.002076319455510856
iid,11->13,6.656633326498906e-05,0.003633440682919074
iid,17->19,-0.0026974672030052466,0.003633440682919074
iid,29->1,0.002433337380693054,0.003633440682919074
iid,11->13,0.0014698624346564104,0.004525533811145809
iid,17->19,-0.004236333221182817,0.004525533811145809
iid,29->1,-0.0006110986320657791,0.004525533811145809
iid,11->13,0.0037873693412516785,0.005294543593045127
iid,17->19,0.0032198717805545646,0.005294543593045127
iid,29->1,-0.001822210484107259,0.005294543593045127
markov,11->13,-0.0019910048961342824,0.0022485845938500235
markov,17->19,-0.00023501271039828853,0.0022485845938500235
markov,29->1,0.0010182343567274876,0.0022485845938500235
markov,11->13,-1.239895601012897e-05,0.0020969150625548745
markov,17->19,0.0015014099819294219,0.0020969150625548745
markov,29->1,-0.0014637851999600437,0.0020969150625548745
markov,11->13,-0.0002680342868087854,0.0016554310475832838
markov,17->19,-0.0009994860095758895,0.0016554310475832838
markov,29->1,0.0012921444544088945,0.0016554310475832838
markov,11->13,0.0002895659527720751,0.0008734181621420136
markov,17->19,0.00038645237555835765,0.0008734181621420136
markov,29->1,0.0007277811528062783,0.0008734181621420136
markov,11->13,-0.0014225140703372496,0.0017403238339407919
markov,17->19,-0.000720877555292862,0.0017403238339407919
markov,29->1,-0.0006967900092207935,0.0017403238339407919
markov,11->13,0.0008091921559163495,0.001325771973388174
markov,17->19,-0.0007975685051781478,0.001325771973388174
markov,29->1,0.0006832011854299713,0.001325771973388174
markov,11->13,-0.000527472282676758,0.0022906926825314988
markov,17->19,0.0021321734701399003,0.0022906926825314988
markov,29->1,-0.0006502939720178097,0.0022906926825314988
markov,11->13,0.000610037152541848,0.0022363651286642005
markov,17->19,0.0017500753016376352,0.0022363651286642005
markov,29->1,0.0012515670576608434,0.0022363651286642005
markov,11->13,-0.002109235105368784,0.002121298085066106
markov,17->19,8.297524878866924e-06,0.002121298085066106
markov,29->1,0.0002257520477558228,0.002121298085066106
markov,11->13,0.0021716701329372867,0.002653996535094784
markov,17->19,-0.0007643390141663653,0.002653996535094784
markov,29->1,0.0013203531017975667,0.002653996535094784
markov,11->13,-0.0008021446984207842,0.0023549379904776522
markov,17->19,-0.0008832479086279127,0.0023549379904776522
markov,29->1,0.002030312772381332,0.0023549379904776522
markov,11->13,0.002916733427893059,0.004183878007293871
markov,17->19,0.002033938484096956,0.004183878007293871
markov,29->1,-0.0022046758340939637,0.004183878007293871
markov,11->13,0.0006695652988222417,0.0027383726775593153
markov,17->19,0.0015328410163227418,0.0027383726775593153
markov,29->1,0.0021681249157959326,0.0027383726775593153
markov,11->13,0.0009791962960280232,0.003038338000115598
markov,17->19,0.0004304215514129017,0.003038338000115598
markov,29->1,-0.002843837144576103,0.003038338000115598
markov,11->13,0.00026674330140297187,0.002323233265140817
markov,17->19,0.0010153282472486896,0.002323233265140817
markov,29->1,0.002072527289507284,0.002323233265140817
markov,11->13,0.0013911667515823095,0.003239303727169045
markov,17->19,0.0019703479768094917,0.003239303727169045
markov,29->1,-0.002162284106315804,0.003239303727169045
markov,11->13,0.0017449013173845285,0.00258014544958562
markov,17->19,0.001713724965842725,0.00258014544958562
markov,29->1,-0.0008219590470665006,0.00258014544958562
markov,11->13,-0.002155392738733858,0.002300920276796523
markov,17->19,-0.0004335875895486868,0.002300920276796523
markov,29->1,0.0006786148128180708,0.002300920276796523
markov,11->13,0.0027334299328691386,0.003443282241078625
markov,17->19,-0.0017111038990985372,0.003443282241078625
markov,29->1,0.001206928680706626,0.003443282241078625
markov,11->13,0.0032677310584202923,0.004108071221424144
markov,17->19,-0.0003286907406570838,0.004108071221424144
markov,29->1,0.002467821972334097,0.004108071221424144
markov,11->13,-0.0003722569675896764,0.0021942756432468576
markov,17->19,0.0020442542536917296,0.0021942756432468576
markov,29->1,0.0007051913888375394,0.0021942756432468576
markov,11->13,-0.0005098198094041079,0.0007634211065333761
markov,17->19,0.00031368092677140635,0.0007634211065333761
markov,29->1,0.0004738141239132021,0.0007634211065333761
markov,11->13,-0.0005642127050079215,0.003226531277215517
markov,17->19,0.0031616118948506605,0.003226531277215517
markov,29->1,-0.000310448599121424,0.003226531277215517
markov,11->13,-0.0004117703521033522,0.003752806598604244
markov,17->19,0.002893063407298682,0.003752806598604244
markov,29->1,0.002354609662981441,0.003752806598604244
markov,11->13,-0.0008846117111509649,0.0011151005505387983
markov,17->19,-0.00013897576783086785,0.0011151005505387983
markov,29->1,-0.0006645277227191604,0.0011151005505387983
markov,11->13,-0.002562389728284223,0.0034726454810825864
markov,17->19,-0.0002961457885572033,0.0034726454810825864
markov,29->1,-0.0023250211159442508,0.0034726454810825864
markov,11->13,0.001641710750254738,0.0018793602015325195
markov,17->19,0.0004748635360778408,0.0018793602015325195
markov,29->1,0.0007818473007602106,0.0018793602015325195
markov,11->13,-0.0015397439300252475,0.0015673446979356507
markov,17->19,-0.00028643533581494685,0.0015673446979356507
markov,29->1,-6.093300004086921e-05,0.0015673446979356507
markov,11->13,0.0011209425428025804,0.00187256548726687
markov,17->19,0.0012763023365831155,0.00187256548726687
markov,29->1,-0.0007880619680398077,0.00187256548726687
markov,11->13,-0.0009814987575476192,0.004200842548346007
markov,17->19,0.002150872279920918,0.004200842548346007
markov,29->1,-0.0034723891977130744,0.004200842548346007
markov,11->13,-0.00038442633108153046,0.0016007453709329777
markov,17->19,-0.001543394452248839,0.0016007453709329777
markov,29->1,-0.00018037655973561495,0.0016007453709329777
markov,11->13,0.0015058505099805886,0.0036521723723803782
markov,17->19,0.003053298708256366,0.0036521723723803782
markov,29->1,0.0013221740722498404,0.0036521723723803782
markov,11->13,0.002589148911227024,0.003147342031009109
markov,17->19,-0.00010379831391099659,0.003147342031009109
markov,29->1,-0.0017864197954785693,0.003147342031009109
markov,11->13,0.0026109983024689004,0.0030271017595787475
markov,17->19,0.0011623537683056878,0.0030271017595787475
markov,29->1,-0.0009974801474991052,0.0030271017595787475
markov,11->13,-0.0019732435652295155,0.00268072486746877
markov,17->19,0.0014855463509373668,0.00268072486746877
markov,29->1,-0.0010419921720255104,0.00268072486746877
markov,11->13,0.0010289588581929437,0.004747000329556587
markov,17->19,-0.004486879766929033,0.004747000329556587
markov,29->1,-0.001158950281107643,0.004747000329556587
markov,11->13,0.00048627953802996005,0.0031801296872813914
markov,17->19,0.0023102896010757518,0.0031801296872813914
markov,29->1,0.00213056776423165,0.0031801296872813914
markov,11->13,0.0016676843862595409,0.002554934419241223
markov,17->19,0.0019134774884279337,0.002554934419241223
markov,29->1,-0.0002917577346518013,0.002554934419241223
markov,11->13,-0.0001320530678720344,0.0014509748808720472
markov,17->19,0.001251417755344597,0.0014509748808720472
markov,29->1,0.0007223874955974291,0.0014509748808720472
markov,11->13,0.0001888160790484289,0.003088753524446016
markov,17->19,0.0030252384014400474,0.003088753524446016
markov,29->1,-0.0005938681987806144,0.003088753524446016
markov,11->13,-0.00028543914080553234,0.0034233438242738234
markov,17->19,-0.002240948691517225,0.0034233438242738234
markov,29->1,-0.0025721501507643685,0.0034233438242738234
markov,11->13,0.0012254658459198292,0.005539838560861371
markov,17->19,0.005379883233114724,0.005539838560861371
markov,29->1,0.000494874872004683,0.005539838560861371
markov,11->13,0.00015519870079368225,0.0023740861801350515
markov,17->19,0.002265596559342012,0.0023740861801350515
markov,29->1,-0.0006922938568829223,0.0023740861801350515
markov,11->13,0.0035995963126171926,0.0035996610184676893
markov,17->19,2.1341538691904693e-05,0.0035996610184676893
markov,29->1,-3.2206823521035988e-06,0.0035996610184676893
markov,11->13,0.0017677031476868443,0.0021169597685868334
markov,17->19,-0.001117397483122562,0.0021169597685868334
markov,29->1,-0.00032888768323639794,0.0021169597685868334
markov,11->13,0.0023988901546313224,0.0029048354273636633
markov,17->19,-0.000453822337699486,0.0029048354273636633
markov,29->1,0.0015739886187278868,0.0029048354273636633
markov,11->13,0.0006137969924930181,0.001369416213970256
markov,17->19,-0.00036521282514044573,0.001369416213970256
markov,29->1,0.001168406441031583,0.001369416213970256
markov,11->13,0.0003444807923453641,0.002166140379963131
markov,17->19,0.0017392075119019579,0.002166140379963131
markov,29->1,-0.001244449420408772,0.002166140379963131
markov,11->13,-2.6203656596224256e-06,0.003940818239233922
markov,17->19,0.0036554067401364937,0.003940818239233922
markov,29->1,-0.0014724276187735863,0.003940818239233922
markov,11->13,0.0012261735145997071,0.0025717438348099365
markov,17->19,-0.0022556052065273585,0.0025717438348099365
markov,29->1,-0.00015036627369124922,0.0025717438348099365
markov,11->13,0.0004961230303769937,0.00263940606998059
markov,17->19,0.0016872383442313454,0.00263940606998059
markov,29->1,0.001968134423949594,0.00263940606998059
markov,11->13,-0.0007179266841751547,0.0014950751546647764
markov,17->19,0.00041978156971637925,0.0014950751546647764
markov,29->1,-0.0012424228056388958,0.0014950751546647764
markov,11->13,-0.0004600121126475537,0.00232636912633061
markov,17->19,0.0015919127424991603,0.00232636912633061
markov,29->1,-0.001632849040306722,0.00232636912633061
markov,11->13,0.000420250414599449,0.0011849948336737652
markov,17->19,0.0005846235191722116,0.0011849948336737652
markov,29->1,-0.0009411788808155463,0.0011849948336737652
markov,11->13,0.0008855082795473229,0.0009991210368726078
markov,17->19,5.601032184862631e-05,0.0009991210368726078
markov,29->1,-0.0004593264384084028,0.0009991210368726078
markov,11->13,-0.0010630873393729229,0.002616270197658692
markov,17->19,7.314267028836474e-05,0.002616270197658692
markov,29->1,0.00238942779882656,0.002616270197658692
markov,11->13,0.0011717513938146462,0.0016554191648451254
markov,17->19,0.001015704659330971,0.0016554191648451254
markov,29->1,0.0005794439812814717,0.0016554191648451254
markov,11->13,0.0022729935798800893,0.0038593514867037394
markov,17->19,0.003118403953316473,0.0038593514867037394
markov,29->1,6.04224104654022e-05,0.0038593514867037394
markov,11->13,0.0017231854147737452,0.004467676790060956
markov,17->19,0.004059726030392438,0.004467676790060956
markov,29->1,-0.0007137173704726968,0.004467676790060956
markov,11->13,-0.001711907370009591,0.002012203703368759
markov,17->19,-0.0010221422473902925,0.002012203703368759
markov,29->1,-0.0002712233884784171,0.002012203703368759
markov,11->13,0.002190808721491397,0.004136571261703577
markov,17->19,0.002121373337090504,0.004136571261703577
markov,29->1,-0.0027948799819796644,0.004136571261703577
markov,11->13,0.0027763146663386112,0.002904212782991732
markov,17->19,0.000765672208226445,0.002904212782991732
markov,29->1,0.0003745328182086921,0.002904212782991732
markov,11->13,0.0008748525053376699,0.0014845340745090858
markov,17->19,0.000954610156244845,0.0014845340745090858
markov,29->1,0.0007260812364172087,0.0014845340745090858
markov,11->13,-0.0005714319854718958,0.001853488029439623
markov,17->19,-0.0014067154111113006,0.001853488029439623
markov,29->1,-0.0010630310970980994,0.001853488029439623
markov,11->13,-0.0015530086330465959,0.0016247988748619077
markov,17->19,0.0002399888217180235,0.0016247988748619077
markov,29->1,0.00041296602146624617,0.0016247988748619077
markov,11->13,0.0006259538743983856,0.0009675716232670984
markov,17->19,-0.000722353390164937,0.0009675716232670984
markov,29->1,0.0001502736603487126,0.0009675716232670984
markov,11->13,-0.0015821768015737564,0.004519585617540446
markov,17->19,-0.0028124122806688356,0.004519585617540446
markov,29->1,-0.0031644443250566784,0.004519585617540446
markov,11->13,-0.001003657082614684,0.0016923730753015912
markov,17->19,-0.00021863689252708818,0.0016923730753015912
markov,29->1,-0.0013449895894575709,0.0016923730753015912
markov,11->13,-0.0017146330418713052,0.002038644669722522
markov,17->19,0.0001614860848472427,0.002038644669722522
markov,29->1,0.0010908839835252482,0.002038644669722522
markov,11->13,7.711269589756597e-05,0.0023205639610694826
markov,17->19,-0.0017793294408915694,0.0023205639610694826
markov,29->1,0.0014876348578607562,0.0023205639610694826
markov,11->13,-0.0031845881446829483,0.00363657946370905
markov,17->19,-0.0016486889561212748,0.00363657946370905
markov,29->1,-0.0006040970704936088,0.00363657946370905
markov,11->13,-0.00030689688525019354,0.0012308381690141104
markov,17->19,-0.0010449752415037789,0.0012308381690141104
markov,29->1,-0.0005734140256131309,0.0012308381690141104
markov,11->13,-0.00043172487819176375,0.0035181754913916822
markov,17->19,0.003434067988232037,0.0035181754913916822
markov,29->1,0.0006311493246287936,0.0035181754913916822
markov,11->13,0.0006518709906638831,0.0023649537069735617
markov,17->19,-0.0014580308756400456,0.0023649537069735617
markov,29->1,0.0017441950043900478,0.0023649537069735617
markov,11->13,-0.0008140412431182908,0.004147708652349779
markov,17->19,0.0040121452571019595,0.004147708652349779
markov,29->1,0.0006659687343966714,0.004147708652349779
markov,11->13,0.0007060652061650907,0.0028571293455965188
markov,17->19,-0.0022165551494685576,0.0028571293455965188
markov,29->1,0.001658777649800075,0.0028571293455965188
markov,11->13,0.0018926725456786947,0.0020508309156453933
markov,17->19,-0.0007809714527183265,0.0020508309156453933
markov,29->1,0.00011739535527471867,0.0020508309156453933
markov,11->13,0.0025870769604872945,0.0036756400899112954
markov,17->19,0.0025191973863450956,0.0036756400899112954
markov,29->1,0.0006862997885115352,0.0036756400899112954
markov,11->13,0.0031957096509919736,0.003675617604761985
markov,17->19,0.0010502187217901332,0.003675617604761985
markov,29->1,-0.001481433508259647,0.003675617604761985
markov,11->13,-0.00029842436661560445,0.0009853563041469712
markov,17->19,-0.00022309976429316092,0.0009853563041469712
markov,29->1,0.0009121932025095286,0.0009853563041469712
markov,11->13,-0.001308006187596536,0.0014336909218405282
markov,17->19,0.00023179540023035572,0.0014336909218405282
markov,29->1,-0.0005393147179608287,0.0014336909218405282
markov,11->13,0.00038024519254616085,0.002937325991965534
markov,17->19,0.0004966309746925607,0.002937325991965534
markov,29->1,-0.0028699573605887874,0.002937325991965534
markov,11->13,-0.001547971104883042,0.0016333424940900528
markov,17->19,-0.00018986404923909683,0.0016333424940900528
markov,29->1,-0.00048532958312266783,0.0016333424940900528
markov,11->13,0.0002628695765870964,0.0021208367142525053
markov,17->19,0.002097890054236176,0.0021208367142525053
markov,29->1,0.00016644901490611708,0.0021208367142525053
markov,11->13,0.001809548179440068,0.002728780607007995
markov,17->19,-0.00033784591059532465,0.002728780607007995
markov,29->1,-0.002014358242260317,0.002728780607007995
markov,11->13,-0.0010876132668208582,0.002032403146785148
markov,17->19,0.0015693791565154491,0.002032403146785148
markov,29->1,0.0006962822674693725,0.002032403146785148
markov,11->13,0.0005977974486066212,0.005451297239493237
markov,17->19,-0.0021377854215716974,0.005451297239493237
markov,29->1,-0.004978870684709688,0.005451297239493237
markov,11->13,0.0016603366619488275,0.002766218604237731
markov,17->19,-0.00042598816479350043,0.002766218604237731
markov,29->1,0.002171124505613492,0.002766218604237731
markov,11->13,0.00014615811277458868,0.002441684378356477
markov,17->19,-0.0018930453508718692,0.002441684378356477
markov,29->1,-0.0015352002179268437,0.002441684378356477
markov,11->13,-0.002056282699236467,0.005312593555839356
markov,17->19,0.0024287521215939356,0.005312593555839356
markov,29->1,0.004253999868620073,0.005312593555839356
markov,11->13,-0.0016082384526971971,0.003362956889995883
markov,17->19,0.002897233256424339,0.003362956889995883
markov,29->1,-0.0005736615562382807,0.003362956889995883
markov,11->13,0.00234048111329363,0.004496436402362794
markov,17->19,-0.00021191960728918213,0.004496436402362794
markov,29->1,-0.0038334290861910397,0.004496436402362794
markov,11->13,0.0017094525802750782,0.00300899314364609
markov,17->19,-0.0017119068616810867,0.00300899314364609
markov,29->1,-0.0017891859912343572,0.00300899314364609
markov,11->13,0.0006606417547988103,0.002129668162567707
markov,17->19,0.000861086337954467,0.002129668162567707
markov,29->1,-0.0018323671228929611,0.002129668162567707
markov,11->13,-0.0031735362361896835,0.003371649351273938
markov,17->19,-0.0011282716735040998,0.003371649351273938
markov,29->1,0.00015391600405818828,0.003371649351273938
markov,11->13,-0.0005115701395720373,0.0034929841721117972
markov,17->19,-0.00287524066459538,0.0034929841721117972
markov,29->1,0.0019163051791348112,0.0034929841721117972
markov,11->13,0.00044027985032885075,0.0030374900013497527
markov,17->19,0.0028582815787289023,0.0030374900013497527
markov,29->1,0.000928830220434898,0.0030374900013497527
markov,11->13,-4.394899896445481e-05,0.001615074937758684
markov,17->19,-0.00024709394468289125,0.001615074937758684
markov,29->1,-0.0015954560860667044,0.001615074937758684
markov,11->13,-0.0007093950829001744,0.0016711867702188148
markov,17->19,-0.0013387983237478224,0.0016711867702188148
markov,29->1,-0.0007051545118918756,0.0016711867702188148
markov,11->13,0.001483164436299686,0.0028469505480149763
markov,17->19,0.0019222537425882674,0.0028469505480149763
markov,29->1,0.0014867048216925943,0.0028469505480149763
block,11->13,-0.002915164574689974,0.0032291372368257556
block,17->19,0.0013878660695091916,0.0032291372368257556
block,29->1,5.4502934163272454e-05,0.0032291372368257556
block,11->13,-0.00205868092310707,0.002304018036974422
block,17->19,0.0003304208326367908,0.002304018036974422
block,29->1,0.0009803846413005968,0.002304018036974422
block,11->13,-0.0018822491253439738,0.0028090409342371595
block,17->19,0.0018368063520905475,0.0028090409342371595
block,29->1,0.0009869101404290231,0.0028090409342371595
block,11->13,-0.0017272337753607842,0.0022648270134457715
block,17->19,0.0005373595260376868,0.0022648270134457715
block,29->1,0.0013628461490069882,0.0022648270134457715
block,11->13,-0.001929288593289169,0.002331643218056084
block,17->19,0.0008879453468319115,0.002331643218056084
block,29->1,0.0009622674686129568,0.002331643218056084
block,11->13,-0.0019019992821010384,0.002494859910024427
block,17->19,0.0005785016911677987,0.002494859910024427
block,29->1,0.0015073355614627498,0.002494859910024427
block,11->13,-0.0022569876644844,0.0025690449898163564
block,17->19,0.0011479029105202626,0.0025690449898163564
block,29->1,0.0004339559310401059,0.0025690449898163564
block,11->13,-0.002576575549253765,0.002802853408717361
block,17->19,0.0007349579028761016,0.002802853408717361
block,29->1,0.0008228502602212334,0.002802853408717361
block,11->13,-0.002287723998932678,0.002579184890084216
block,17->19,0.0008755232040123517,0.002579184890084216
block,29->1,0.0008074482777132852,0.002579184890084216
block,11->13,-0.002171530092804644,0.0029877774618153326
block,17->19,0.001343576990212772,0.0029877774618153326
block,29->1,0.0015511518586993067,0.0029877774618153326
block,11->13,-0.0019954939799830262,0.0025947273555204393
block,17->19,0.001173276185989655,0.0025947273555204393
block,29->1,0.0011721931652791534,0.0025947273555204393
block,11->13,-0.0020700087149464474,0.0022699782168400504
block,17->19,0.0008741649625621378,0.0022699782168400504
block,29->1,0.0003220258424456446,0.0022699782168400504
block,11->13,-0.002628509750241953,0.0033325859776199224
block,17->19,0.0014890160339843805,0.0033325859776199224
block,29->1,0.0014070881428145665,0.0033325859776199224
block,11->13,-0.0025492630373415565,0.0029655534361459146
block,17->19,0.0014545231410904719,0.0029655534361459146
block,29->1,0.0004244143978628101,0.0029655534361459146
block,11->13,-0.0024105798740776535,0.0030492028793135508
block,17->19,0.0010281376438499024,0.0030492028793135508
block,29->1,0.0015587417538529547,0.0030492028793135508
block,11->13,-0.0025956624418205093,0.003096568458950178
block,17->19,0.0013159550876089832,0.003096568458950178
block,29->1,0.001058080770302297,0.003096568458950178
block,11->13,-0.0021067259432027002,0.002813799450854984
block,17->19,0.0009646329020479572,0.002813799450854984
block,29->1,0.0015964512251099433,0.002813799450854984
block,11->13,-0.002029460466192151,0.0025179036129122554
block,17->19,0.0013029173564737956,0.0025179036129122554
block,29->1,0.0007235573109844601,0.0025179036129122554
block,11->13,-0.0022799893727419307,0.002571439896793068
block,17->19,0.0010005735726265341,0.002571439896793068
block,29->1,0.0006424983492308578,0.002571439896793068
block,11->13,-0.0025716825324491738,0.0031482747857256594
block,17->19,0.0011598069737888822,0.0031482747857256594
block,29->1,0.0013974730273899477,0.0031482747857256594
block,11->13,-0.00191013779007905,0.0026734020608750477
block,17->19,0.001060930584325534,0.0026734020608750477
block,29->1,0.0015404150405801537,0.0026734020608750477
block,11->13,-0.0018238462573279268,0.002692117552532733
block,17->19,0.0015035066250165818,0.002692117552532733
block,29->1,0.0012886231314146873,0.002692117552532733
block,11->13,-0.002243091387673077,0.002578053362993831
block,17->19,0.000658442483711788,0.002578053362993831
block,29->1,0.0010869009451804357,0.002578053362993831
block,11->13,-0.001960961565094052,0.0028591215071368907
block,17->19,0.0013184432775922988,0.0028591215071368907
block,29->1,0.0016096312796936713,0.0028591215071368907
block,11->13,-0.001749854709999013,0.0023512198592386263
block,17->19,0.001175606269505497,0.0023512198592386263
block,29->1,0.0010412459937362284,0.0023512198592386263
block,11->13,-0.002299127048479413,0.0026043251690852265
block,17->19,0.000985276982702163,0.0026043251690852265
block,29->1,0.0007250887315621846,0.0026043251690852265
block,11->13,-0.0023463206132813136,0.0028127659521778067
block,17->19,0.0013475169673563964,0.0028127659521778067
block,29->1,0.0007685244980536049,0.0028127659521778067
block,11->13,-0.0025105938488812346,0.003173359298554738
block,17->19,0.0012513058893977302,0.003173359298554738
block,29->1,0.0014836985323313095,0.003173359298554738
block,11->13,-0.002680049107056881,0.003005601368175568
block,17->19,0.000895454114488381,0.003005601368175568
block,29->1,0.0010242745222782262,0.003005601368175568
block,11->13,-0.0025924790580353213,0.0027203640554520595
block,17->19,0.0007169513400448052,0.0027203640554520595
block,29->1,0.00040671083567053734,0.0027203640554520595
block,11->13,-0.0023764288632107528,0.0029579641507780437
block,17->19,0.0008805001515960059,0.0029579641507780437
block,29->1,0.001525403965651831,0.0029579641507780437
block,11->13,-0.0022745039165421033,0.0026619350393536634
block,17->19,0.001048057587265394,0.0026619350393536634
block,29->1,0.0009022778846612955,0.0026619350393536634
block,11->13,-0.0033942605036183238,0.004024266639627708
block,17->19,0.0016596531710085932,0.004024266639627708
block,29->1,0.0013853768340629513,0.004024266639627708
block,11->13,-0.0024983201206164873,0.0027380882484909293
block,17->19,0.0006458023155737624,0.0027380882484909293
block,29->1,0.0009156763623936748,0.0027380882484909293
block,11->13,-0.001192626293761448,0.0022098303165191792
block,17->19,0.0013606213617115281,0.0022098303165191792
block,29->1,0.001268740344314137,0.0022098303165191792
block,11->13,-0.0021518343399542783,0.0027853188094088786
block,17->19,0.0011685869834819063,0.0027853188094088786
block,29->1,0.0013274088689914226,0.0027853188094088786
block,11->13,-0.002046756312801684,0.0031697171972570465
block,17->19,0.0020919189894600815,0.0031697171972570465
block,29->1,0.0012172800204266199,0.0031697171972570465
block,11->13,-0.0021571406490394768,0.002456916879077836
block,17->19,0.0008352434953848853,0.002456916879077836
block,29->1,0.0008279813248958934,0.002456916879077836
block,11->13,-0.0009383836241903254,0.0020309337264040957
block,17->19,0.001075689387354431,0.0020309337264040957
block,29->1,0.0014446523169365372,0.0020309337264040957
block,11->13,-0.001723246212644608,0.0022132585386847826
block,17->19,0.001094174622422478,0.0022132585386847826
block,29->1,0.0008554050182888462,0.0022132585386847826
block,11->13,-0.0016420579932519969,0.0020695655900277183
block,17->19,0.0008713648558078685,0.0020695655900277183
block,29->1,0.0009096540915572993,0.0020695655900277183
block,11->13,-0.0019034345234515415,0.0021186972606974295
block,17->19,0.0008313381844468198,0.0021186972606974295
block,29->1,0.0004179616256311802,0.0021186972606974295
block,11->13,-0.0020658819196231054,0.002546839552074089
block,17->19,0.0014739055496836434,0.002546839552074089
block,29->1,0.00021476971107457776,0.002546839552074089
block,11->13,-0.0019110031194305155,0.0020020574710323895
block,17->19,0.0005891457196795652,0.0020020574710323895
block,29->1,9.596101201370111e-05,0.0020020574710323895
block,11->13,-0.0015845241665294052,0.0024632001514278104
block,17->19,0.0006069466245929162,0.0024632001514278104
block,29->1,0.0017855682419256752,0.0024632001514278104
block,11->13,-0.002178225712222856,0.0026076713491843154
block,17->19,0.001293797899263538,0.0026076713491843154
block,29->1,0.0006175512997551175,0.0026076713491843154
block,11->13,-0.0021350077515617377,0.002987498122705531
block,17->19,0.0010387161869410272,0.002987498122705531
block,29->1,0.0018132720747110892,0.002987498122705531
block,11->13,-0.0028791741504010093,0.003369861802757433
block,17->19,0.0017058330862226856,0.003369861802757433
block,29->1,0.0003955480543425677,0.003369861802757433
block,11->13,-0.0026947098662455093,0.003367005576066787
block,17->19,0.0014294359877029678,0.003367005576066787
block,29->1,0.0014254746729014806,0.003367005576066787
block,11->13,-0.0018547025312868892,0.00227120115601319
block,17->19,0.0009071760874778678,0.00227120115601319
block,29->1,0.0009462899966828364,0.00227120115601319
block,11->13,-0.002001113445006017,0.0027375507007773307
block,17->19,0.0008562641610447008,0.0027375507007773307
block,29->1,0.0016602832607880563,0.0027375507007773307
block,11->13,-0.0021640075793683405,0.0026306406094134785
block,17->19,0.0013569501555911467,0.0026306406094134785
block,29->1,0.0006293071488334273,0.0026306406094134785
block,11->13,-0.002384345633410015,0.0031639450275201793
block,17->19,0.0019529926411230997,0.0031639450275201793
block,29->1,0.0007150271192949836,0.0031639450275201793
block,11->13,-0.0010036088602660281,0.0016458736223461143
block,17->19,0.0012642572961764076,0.0016458736223461143
block,29->1,0.0003214385250634444,0.0016458736223461143
block,11->13,-0.0022493419420764604,0.0025596753234981215
block,17->19,0.0008925848778820328,0.0025596753234981215
block,29->1,0.0008340808264893917,0.0025596753234981215
block,11->13,-0.0016370278651088033,0.002182737125689276
block,17->19,0.0009499705946800496,0.002182737125689276
block,29->1,0.0010872152491401277,0.002182737125689276
block,11->13,-0.0027323788570536717,0.0032006166886324274
block,17->19,0.0013264440613805911,0.0032006166886324274
block,29->1,0.0010092567171471473,0.0032006166886324274
block,11->13,-0.0032613199038122875,0.0034713422879214598
block,17->19,0.0003576569259324397,0.0034713422879214598
block,29->1,0.001134059649331623,0.0034713422879214598
block,11->13,-0.0023961940129634263,0.002625507044425649
block,17->19,0.0009594085149603471,0.002625507044425649
block,29->1,0.00048070447677187045,0.002625507044425649
block,11->13,-0.0027920333942096504,0.003334674478137678
block,17->19,0.0017316850441881637,0.003334674478137678
block,29->1,0.0005708505132659275,0.003334674478137678
block,11->13,-0.001815984336857382,0.002050860638154834
block,17->19,0.0005452453366889681,0.002050860638154834
block,29->1,0.0007816250816346931,0.002050860638154834
block,11->13,-0.002534360838243696,0.002888483152120453
block,17->19,0.0011478283037978931,0.002888483152120453
block,29->1,0.0007764278760199611,0.002888483152120453
block,11->13,-0.0027829788358643692,0.0030478450999518463
block,17->19,0.0004511722644415517,0.0030478450999518463
block,29->1,0.0011579430643300914,0.0030478450999518463
block,11->13,-0.0025729757429591715,0.0028577611679475243
block,17->19,0.0012091636747986745,0.0028577611679475243
block,29->1,0.000290719670335296,0.0028577611679475243
block,11->13,-0.0020030431677489496,0.0023236818043763765
block,17->19,0.0006832574087903692,0.0023236818043763765
block,29->1,0.0009594136279296728,0.0023236818043763765
block,11->13,-0.002753041108954482,0.003188713121677359
block,17->19,0.0014417684726283075,0.003188713121677359
block,29->1,0.0007141146239218743,0.003188713121677359
block,11->13,-0.002321969851978245,0.002961655773388882
block,17->19,0.0012882867924617347,0.002961655773388882
block,29->1,0.0013115555904804344,0.002961655773388882
block,11->13,-0.0017565703057790955,0.0028646348905240187
block,17->19,0.0016920324710170132,0.0028646348905240187
block,29->1,0.0015025378311000204,0.0028646348905240187
block,11->13,-0.0021869713055596013,0.0029034070474897727
block,17->19,0.0017382139928164009,0.0029034070474897727
block,29->1,0.0007909115672750516,0.0029034070474897727
block,11->13,-0.0014629313243010866,0.0021397864543800755
block,17->19,0.0011634335145700864,0.0021397864543800755
block,29->1,0.0010416047560865976,0.0021397864543800755
block,11->13,-0.0020585343796194755,0.0026145418235729253
block,17->19,0.0010769678153324108,0.0026145418235729253
block,29->1,0.0011993354325937483,0.0026145418235729253
block,11->13,-0.002257733126493869,0.002782097381693629
block,17->19,0.0012933604152645939,0.002782097381693629
block,29->1,0.000984848113662895,0.002782097381693629
block,11->13,-0.0017389592831267286,0.001795683948912111
block,17->19,0.00038286003071956454,0.001795683948912111
block,29->1,-0.00023220605695239982,0.001795683948912111
block,11->13,-0.002469089898783458,0.002872083601325524
block,17->19,0.0007292880555801462,0.002872083601325524
block,29->1,0.001273027186165565,0.002872083601325524
block,11->13,-0.0018472983148339617,0.003080058746773538
block,17->19,0.0013894020554368613,0.003080058746773538
block,29->1,0.0020356357110091206,0.003080058746773538
block,11->13,-0.0016772351643567357,0.002328499388164467
block,17->19,0.0010525614644738557,0.002328499388164467
block,29->1,0.0012251146752986775,0.002328499388164467
block,11->13,-0.0031788646345406874,0.0037450449785033637
block,17->19,0.0013474193385073913,0.0037450449785033637
block,29->1,0.0014507386575452058,0.0037450449785033637
block,11->13,-0.0015492122190383095,0.0019396070687007637
block,17->19,0.001146088398669004,0.0019396070687007637
block,29->1,0.00022022366760338086,0.0019396070687007637
block,11->13,-0.0026092061667958716,0.0032284626599906807
block,17->19,0.0011953537747108334,0.0032284626599906807
block,29->1,0.0014785613546258597,0.0032284626599906807
block,11->13,-0.0012473770082850333,0.001661712950682305
block,17->19,0.0010424712567519007,0.001661712950682305
block,29->1,0.0003443750985673705,0.001661712950682305
block,11->13,-0.0013517902128337145,0.0021819027180104353
block,17->19,0.0013661479590295483,0.0021819027180104353
block,29->1,0.001032958104371956,0.0021819027180104353
block,11->13,-0.0018903484141387233,0.002221243792822523
block,17->19,0.0008771729888043117,0.002221243792822523
block,29->1,0.0007688136367338394,0.002221243792822523
block,11->13,-0.0017598446199964535,0.002231011256607783
block,17->19,0.0012179273100355464,0.002231011256607783
block,29->1,0.0006300882541753622,0.002231011256607783
block,11->13,-0.0020633678563254654,0.0028545225087875663
block,17->19,0.0013109299284834591,0.0028545225087875663
block,29->1,0.001473863821818036,0.0028545225087875663
block,11->13,-0.0019286684016733557,0.002294858201827507
block,17->19,0.000982308140213356,0.002294858201827507
block,29->1,0.000762681506627963,0.002294858201827507
block,11->13,-0.0007666981619257884,0.002185675507332949
block,17->19,0.001127364940026479,0.002185675507332949
block,29->1,0.0017083324160870605,0.002185675507332949
block,11->13,-0.0028244029975065116,0.0030661200254296157
block,17->19,0.00043668172212335543,0.0030661200254296157
block,29->1,0.0011104723281469553,0.0030661200254296157
block,11->13,-0.002378792858703252,0.002911368465043718
block,17->19,0.001025536612897407,0.002911368465043718
block,29->1,0.001328791003220725,0.002911368465043718
block,11->13,-0.0022580213795384274,0.0027339522718297375
block,17->19,0.0013776125222987046,0.0027339522718297375
block,29->1,0.0006913886118502105,0.0027339522718297375
block,11->13,-0.0018182957890391649,0.0026156467788048024
block,17->19,0.0012354431454592724,0.0026156467788048024
block,29->1,0.0014174232710704587,0.0026156467788048024
block,11->13,-0.0019489831429879562,0.002582316971513261
block,17->19,0.0015450694073337878,0.002582316971513261
block,29->1,0.0006946842277145981,0.002582316971513261
block,11->13,-0.002457775117505681,0.0027242509211350793
block,17->19,0.0011418243842082343,0.0027242509211350793
block,29->1,0.00027770781174239756,0.0027242509211350793
block,11->13,-0.0018845043218099627,0.001996167407756433
block,17->19,0.000504124691194166,0.001996167407756433
block,29->1,0.00042330376397688163,0.001996167407756433
block,11->13,-0.0023082687785675043,0.0028016899945746197
block,17->19,0.0008718477051699314,0.0028016899945746197
block,29->1,0.0013271185518181627,0.0028016899945746197
block,11->13,-0.0015550651786140068,0.002499374160036469
block,17->19,0.0010524424259018145,0.002499374160036469
block,29->1,0.001649547944826732,0.002499374160036469
block,11->13,-0.002598410012655719,0.003241309527833267
block,17->19,0.0006273667074640082,0.003241309527833267
block,29->1,0.001833238630325848,0.003241309527833267
block,11->13,-0.0028784310091884285,0.0034192844862347793
block,17->19,0.0014501257802563977,0.0034192844862347793
block,29->1,0.0011416113807176664,0.0034192844862347793
block,11->13,-0.002620722760406091,0.0029096893407679113
block,17->19,0.0012596125744956665,0.0029096893407679113
block,29->1,0.00010714679202047939,0.0029096893407679113
block,11->13,-0.0024246717528597223,0.0025454680813186558
block,17->19,0.0005194428629300973,0.0025454680813186558
block,29->1,0.0005749380453990011,0.0025454680813186558
block,11->13,-0.0023046304009792656,0.003332959792635688
block,17->19,0.0019280888130327467,0.003332959792635688
block,29->1,0.0014421418873558356,0.003332959792635688
